run,kernel_down_ns,kernel_first_move_ns,trial,action,ui_down_ns,ui_first_move_ns,gl_down_ns,gl_first_move_ns,applied_ns,first_render_ns,half_lane_ns,ninety_lane_ns
1.4-cruise-120,1142216724837764,1142216732477400,0,1,1142216728888858,1142216750580162,1142216734920942,1142216762601257,1142216798590636,1142216812243033,1142216843147828,1142216962487736
1.4-cruise-120,1142217731219479,1142217739410209,1,2,1142217733800521,1142217753056929,1142217736884844,1142217765979430,1142217817676727,1142217831329281,1142217865218971,1142217983321848
1.4-cruise-120,1142218738413277,1142218746330830,2,3,1142218741057184,1142218755727966,1142218751801872,1142218768510051,1142218820329744,1142218834045839,0,0
1.4-cruise-120,1142219745545044,1142219753218066,3,4,1142219748084524,1142219774854943,1142219754462337,1142219787300830,1142219823088489,1142219836534480,0,0
1.4-cruise-120,1142220752414051,1142220760343635,4,1,1142220754838686,1142220777374105,1142220757548687,1142220789898429,1142220825143954,1142220839280570,1142220871555000,1142220989190949
1.4-cruise-120,1142221759437849,1142221767369412,5,2,1142221762214464,1142221779960559,1142221775936653,1142221792312748,1142221844274107,1142221857599265,1142221890941456,1142222010250114
1.4-cruise-120,1142222766445970,1142222774321908,6,3,1142222770149095,1142222782364201,1142222778978003,1142222794094671,1142222848780926,1142222860372959,0,0
1.4-cruise-120,1142223773267789,1142223781210863,7,4,1142223776042217,1142223801488729,1142223782680915,1142223814238366,1142223849325922,1142223863884725,0,0
1.4-cruise-120,1142224780382369,1142224788224609,8,1,1142224783283984,1142224804160131,1142224784898411,1142224816270758,1142224868535450,1142224883019827,1142224913747590,1142225034218904
1.4-cruise-120,1142225787402365,1142225795352522,9,2,1142225790017573,1142225806715856,1142225804222106,1142225818921951,1142225871553727,1142225885160500,1142225916357794,1142226038026244
1.4-cruise-120,1142226794386632,1142226802332778,10,3,1142226796699184,1142226809153092,1142226804714185,1142226821419655,1142226873964713,1142226887363620,0,0
1.4-cruise-120,1142227801568659,1142227809413556,11,4,1142227804161159,1142227828391214,1142227809258816,1142227840817674,1142227876158510,1142227890950647,0,0
1.4-cruise-120,1142228808535218,1142228816202146,12,1,1142228811654072,1142228830831053,1142228825896678,1142228843076419,1142228894689029,1142228909268770,1142228941765752,1142229061027535
1.4-cruise-120,1142229815433599,1142229823220475,13,2,1142229817971777,1142229833241257,1142229829257715,1142229845670009,1142229897411316,1142229910959598,1142229942338925,1142230063323572
1.4-cruise-120,1142230822263023,1142230830331773,14,3,1142230825970731,1142230852633338,1142230833247347,1142230864852819,1142230899980635,1142230914606573,0,0
1.4-cruise-120,1142231829381456,1142231837210728,15,4,1142231831893019,1142231854916407,1142231835658019,1142231867228179,1142231902233651,1142231917375007,0,0
1.4-cruise-120,1142232836503484,1142232844392130,16,1,1142232839311869,1142232857342132,1142232852959006,1142232869696091,1142232921872138,1142232935859952,1142232969249903,1142233087338144
1.4-cruise-120,1142233843454834,1142233851339314,17,2,1142233846308949,1142233860069054,1142233855909210,1142233872414212,1142233924223280,1142233937718906,1142233969689013,1142234087978504
1.4-cruise-120,1142234850278320,1142234858216185,18,3,1142234854383164,1142234879261812,1142234860482644,1142234892000772,1142234927399317,1142234940123849,0,0
1.4-cruise-120,1142235857417274,1142235865386129,19,4,1142235860803525,1142235881901808,1142235862579931,1142235894582122,1142235946319523,1142235959788066,0,0
1.4-cruise-120,1142236864236593,1142236872302323,20,1,1142236866600864,1142236884311127,1142236879593626,1142236896055399,1142236948013112,1142236962590822,1142236993634939,1142237112668806
1.4-cruise-120,1142237871419871,1142237879538257,21,2,1142237875223881,1142237886643518,1142237883371591,1142237898684925,1142237951122431,1142237964410974,1142237996666810,1142238116649791
1.4-cruise-120,1142238878517211,1142238886205493,22,3,1142238881609555,1142238906144870,1142238886723097,1142238917632475,1142238954425708,1142238968065813,0,0
1.4-cruise-120,1142239885381217,1142239893220853,23,4,1142239887891842,1142239908538303,1142239889358457,1142239920508877,1142239972652736,1142239987102061,0,0
1.4-cruise-120,1142240892652359,1142240900401318,24,1,1142240895949807,1142240911070590,1142240906213246,1142240923269446,1142240975407211,1142240988614452,1142241021518049,1142241140509571
1.4-cruise-120,1142241899259907,1142241907218710,25,2,1142241904743241,1142241930066577,1142241913673346,1142241942681266,1142241977366946,1142241991128302,1142242024268514,1142242143462692
1.4-cruise-120,1142242906355424,1142242914359540,26,3,1142242908558966,1142242932507823,1142242912919123,1142242944977668,1142242979487515,1142242993544496,0,0
1.4-cruise-120,1142243913295264,1142243921431880,27,4,1142243915613337,1142243935002246,1142243916020473,1142243946801622,1142243999391939,1142244013736524,0,0
1.4-cruise-120,1142244920293906,1142244928223074,28,1,1142244924413907,1142244937690939,1142244932953595,1142244949573284,1142245001488654,1142245015459749,1142245048185586,1142245167088410
1.4-cruise-120,1142245927412913,1142245935333174,29,2,1142245929953382,1142245956637134,1142245938346716,1142245969049375,1142246004587868,1142246017232974,1142246050962092,1142246168109239
1.4-cruise-120,1142246934497753,1142246942339837,30,3,1142246936964107,1142246959445620,1142246939722337,1142246971381767,1142247006671510,1142247020088490,0,0
1.4-cruise-120,1142247941562541,1142247949377958,31,4,1142247944569676,1142247962105928,1142247957502125,1142247974843117,1142248025867236,1142248040539582,0,0
1.4-cruise-120,1142248948498735,1142248956332277,32,1,1142248951231287,1142248964424569,1142248960405819,1142248976809675,1142249027936190,1142249042779577,1142249074809685,1142249192905790
1.4-cruise-120,1142249955435241,1142249963212013,33,2,1142249958339408,1142249983508109,1142249963821857,1142249995728162,1142250030651655,1142250044740719,1142250092358432,1142250196173911
1.4-cruise-120,1142250962396644,1142250970338051,34,3,1142250965374456,1142250986042323,1142250966977061,1142250998344355,1142251050224934,1142251064321758,0,0
1.4-cruise-120,1142251969608671,1142251977334036,35,4,1142251972727682,1142251988720548,1142251984473516,1142252000559924,1142252053081804,1142252067929149,0,0
1.4-cruise-120,1142252976336688,1142252984338147,36,1,1142252979292105,1142252991018148,1142252988597418,1142253003441482,1142253055335081,1142253069292218,1142253101805971,1142253220879316
1.4-cruise-120,1142253983257726,1142253991337987,37,2,1142253985749236,1142254010038718,1142253990789445,1142254022159813,1142254057560025,1142254070958776,1142254104344196,1142254222252125
1.4-cruise-120,1142254990387149,1142254998269806,38,3,1142254993683712,1142255012885068,1142255008912359,1142255025516996,1142255076777783,1142255090520596,0,0
1.4-cruise-120,1142255997444176,1142256005345271,39,4,1142256000924802,1142256015181157,1142256011094230,1142256027436211,1142256079046424,1142256094166061,0,0
1.4-cruise-120,1142257004400891,1142257012338132,40,1,1142257007743704,1142257034728290,1142257014228028,1142257046345687,1142257082049805,1142257095722411,1142257128979862,1142257245560499
1.4-cruise-120,1142258011244898,1142258019218909,41,2,1142258014475731,1142258036884432,1142258017268388,1142258048926672,1142258084207457,1142258097587667,1142258129853347,1142258248368203
1.4-cruise-120,1142259018432186,1142259026220728,42,3,1142259021464165,1142259039465625,1142259035708854,1142259052063804,1142259103514642,1142259116815164,0,0
1.4-cruise-120,1142260025316765,1142260033219266,43,4,1142260028028536,1142260041807861,1142260036829943,1142260053677758,1142260106079898,1142260119851827,0,0
1.4-cruise-120,1142261032531293,1142261040373741,44,1,1142261037117491,1142261060933222,1142261043390877,1142261072905880,1142261108244373,1142261122173385,1142261155280992,1142261273098244
1.4-cruise-120,1142262039569778,1142262047361602,45,2,1142262044678737,1142262063746656,1142262046800977,1142262075470667,1142262127760568,1142262141084528,1142262173255208,1142262293509439
1.4-cruise-120,1142263046258368,1142263054355348,46,3,1142263049769723,1142263066047016,1142263061403734,1142263077887955,1142263130121033,1142263144137284,0,0
1.4-cruise-120,1142264053643833,1142264061241959,47,4,1142264057777427,1142264068610137,1142264068295032,1142264080732065,1142264133233320,1142264146990665,0,0
1.4-cruise-8,1141767550714476,1141767558630102,0,1,1141767552640570,1141767567853384,1141767561671561,1141767577465937,1141767579066042,1141767593587241,1141767626723807,1141767746003871
1.4-cruise-8,1141768557842389,1141768565661244,1,2,1141768559768483,1141768575259370,1141768565619942,1141768580273381,1141768581922704,1141768595613278,1141768645319742,1141768747642096
1.4-cruise-8,1141769564788219,1141769572641969,2,3,1141769566921083,1141769581973325,1141769567931396,1141769582383533,1141769584297960,1141769598150670,0,0
1.4-cruise-8,1141770571741131,1141770579574361,3,4,1141770574133892,1141770588815039,1141770585348320,1141770601651603,1141770603448739,1141770617454730,0,0
1.4-cruise-8,1141771578729409,1141771586643264,4,1,1141771581349670,1141771596375140,1141771588856754,1141771604222745,1141771605994412,1141771619535611,1141771651069208,1141771771910574
1.4-cruise-8,1141772585690030,1141772593661645,5,2,1141772587859041,1141772602926334,1141772591760083,1141772606473886,1141772608200814,1141772621848940,1141772670058528,1141772773651142
1.4-cruise-8,1141773592793360,1141773600681433,6,3,1141773595042474,1141773610197372,1141773609124767,1141773625378154,1141773627098571,1141773640804458,0,0
1.4-cruise-8,1141774599790074,1141774607658252,7,4,1141774602022783,1141774615881430,1141774612758826,1141774627531015,1141774629609504,1141774643867631,0,0
1.4-cruise-8,1141775606730904,1141775614516373,8,1,1141775609022831,1141775624219031,1141775616279603,1141775630427625,1141775632071896,1141775646123252,1141775693944402,1141775798284204
1.4-cruise-8,1141776613682931,1141776621638349,9,2,1141776615787619,1141776630626162,1141776618195015,1141776632338246,1141776633969444,1141776649662674,1141776696500960,1141776800931856
1.4-cruise-8,1141777620742407,1141777628653814,10,3,1141777622963865,1141777637977825,1141777635888919,1141777652372878,1141777654294337,1141777667847463,0,0
1.4-cruise-8,1141778627689330,1141778635633758,11,4,1141778630461205,1141778642380529,1141778638745164,1141778653906780,1141778655690062,1141778670850636,0,0
1.4-cruise-8,1141779634575680,1141779642647816,12,1,1141779637215732,1141779651922557,1141779642274379,1141779657539849,1141779659298808,1141779673703288,1141779720158084,1141779823781845
1.4-cruise-8,1141780641692499,1141780649654792,13,2,1141780643703333,1141780658879168,1141780645127968,1141780660639584,1141780662252345,1141780675553388,1141780724134903,1141780828256476
1.4-cruise-8,1141781648706297,1141781656636715,14,3,1141781651368589,1141781666081299,1141781662939163,1141781678712134,1141781680669321,1141781694155885,0,0
1.4-cruise-8,1141782655692492,1141782663632388,15,4,1141782658162596,1141782674425723,1141782666081815,1141782681535150,1141782683287546,1141782697583173,0,0
1.4-cruise-8,1141783662849571,1141783670676811,16,1,1141783664834363,1141783680085875,1141783669716968,1141783683827906,1141783685500719,1141783699362439,1141783748465621,1141783851327871
1.4-cruise-8,1141784669687640,1141784677715870,17,2,1141784673768838,1141784686924673,1141784687039881,1141784687139621,1141784688821600,1141784700590664,1141784750198169,1141784853634898
1.4-cruise-8,1141785676703470,1141785684718158,18,3,1141785678798261,1141785693365190,1141785688772950,1141785704906441,1141785706851285,1141785721003318,0,0
1.4-cruise-8,1141786683596955,1141786691649300,19,4,1141786686132268,1141786701085499,1141786694350550,1141786707863781,1141786709821489,1141786724893209,0,0
1.4-cruise-8,1141787690541483,1141787698657004,20,1,1141787692539556,1141787707937422,1141787695877160,1141787710666276,1141787712195339,1141787725942320,1141787774129981,1141787878204001
1.4-cruise-8,1141788697526531,1141788705677678,21,2,1141788699688771,1141788715241845,1141788699801896,1141788729021482,1141788730873201,1141788744911067,1141788777432060,1141788897739884
1.4-cruise-8,1141789704542465,1141789712645226,22,3,1141789707012725,1141789720087831,1141789716856216,1141789732245957,1141789734043561,1141789747880333,0,0
1.4-cruise-8,1141790711709336,1141790719512045,23,4,1141790714014753,1141790728942931,1141790719868868,1141790734826786,1141790736596526,1141790750575173,0,0
1.4-cruise-8,1141791718695530,1141791726848395,24,1,1141791720876988,1141791735818865,1141791722286936,1141791737721886,1141791739482459,1141791753430117,1141791785575276,1141791904870496
1.4-cruise-8,1141792725703390,1141792733653079,25,2,1141792727792974,1141792743227246,1141792740066569,1141792756321258,1141792757826571,1141792771555687,1141792804647096,1141792925290442
1.4-cruise-8,1141793732687137,1141793740632919,26,3,1141793735032241,1141793750358128,1141793742412294,1141793758303858,1141793760103962,1141793773714120,0,0
1.4-cruise-8,1141794740075310,1141794747529894,27,4,1141794742157550,1141794756834478,1141794747209217,1141794761833802,1141794763612552,1141794778040678,0,0
1.4-cruise-8,1141795746721244,1141795754659890,28,1,1141795749352390,1141795763717079,1141795749582650,1141795780193695,1141795781768851,1141795796053071,1141795829405783,1141795948358816
1.4-cruise-8,1141796753685302,1141796761653011,29,2,1141796756009104,1141796770843637,1141796766973689,1141796782636086,1141796784405670,1141796798532807,1141796830846404,1141796950863291
1.4-cruise-8,1141797760584569,1141797768663737,30,3,1141797763015403,1141797778093269,1141797770060768,1141797785041082,1141797787087957,1141797801236813,0,0
1.4-cruise-8,1141798767540972,1141798775638368,31,4,1141798769547065,1141798785091130,1141798773605399,1141798788379099,1141798790229620,1141798804291340,0,0
1.4-cruise-8,1141799774541853,1141799782674771,32,1,1141799776725030,1141799792022167,1141799790451282,1141799806771700,1141799808334148,1141799822894983,1141799855781288,1141799974559269
1.4-cruise-8,1141800781691172,1141800789644194,33,2,1141800783943672,1141800797489455,1141800793853986,1141800809570185,1141800811189300,1141800825065239,1141800857150971,1141800977574056
1.4-cruise-8,1141801788784345,1141801796526950,34,3,1141801791678617,1141801805946795,1141801797381690,1141801812054192,1141801813867265,1141801827744506,0,0
1.4-cruise-8,1141802795675019,1141802803640957,35,4,1141802798107467,1141802812915385,1141802800089030,1141802815300385,1141802817038510,1141802831248199,0,0
1.4-cruise-8,1141803802705327,1141803810684026,36,1,1141803804794755,1141803820387673,1141803817378402,1141803833923976,1141803835624601,1141803849621738,1141803882318096,1141804001548160
1.4-cruise-8,1141804809774751,1141804817639543,37,2,1141804812260584,1141804824547565,1141804820471575,1141804836631472,1141804838267305,1141804852318765,1141804885389914,1141805003862374
1.4-cruise-8,1141805816637611,1141805824727404,38,3,1141805818499851,1141805834284176,1141805824099591,1141805839473447,1141805841227874,1141805854820844,0,0
1.4-cruise-8,1141806823680680,1141806831652192,39,4,1141806826612608,1141806840799849,1141806827147399,1141806841481307,1141806843265943,1141806856906517,0,0
1.4-cruise-8,1141807830699270,1141807838678281,40,1,1141807833007500,1141807848165782,1141807843293803,1141807860506200,1141807862098700,1141807876119587,1141807908776934,1141808028246477
1.4-cruise-8,1141808837690100,1141808845632757,41,2,1141808840303954,1141808855129060,1141808848311299,1141808862979738,1141808864668227,1141808877938541,1141808928081932,1141809030884494
1.4-cruise-8,1141809844769523,1141809852539367,42,3,1141809847020461,1141809861818743,1141809850784836,1141809865112962,1141809866942494,1141809881089318,0,0
1.4-cruise-8,1141810851683634,1141810859516916,43,4,1141810853673790,1141810868858583,1141810855232436,1141810883791293,1141810885410356,1141810900902597,0,0
1.4-cruise-8,1141811858690401,1141811866646131,44,1,1141811861134828,1141811875292434,1141811871234048,1141811886739153,1141811888284206,1141811902413374,1141811935254158,1141812054690941
1.4-cruise-8,1141812865554095,1141812873639304,45,2,1141812867929512,1141812883287274,1141812874435294,1141812889616649,1141812891293316,1141812905341755,1141812937304883,1141813057450416
1.4-cruise-8,1141813872643518,1141813880640081,46,3,1141813874606904,1141813890045134,1141813878221435,1141813892124562,1141813893855916,1141813908354928,0,0
1.4-cruise-8,1141814879927368,1141814887548150,47,4,1141814882096014,1141814897045287,1141814894921953,1141814911687267,1141814913428257,1141814927790081,0,0
1.4-fast-8,1142344828582974,1142344836410631,0,1,1142344831127401,1142344845642194,1142344835190370,1142344848867507,1142344850511205,1142344865196935,1142344912766836,1142345016981899
1.4-fast-8,1142345835680313,1142345843468856,1,2,1142345837455730,1142345852724638,1142345838367762,1142345867653129,1142345869323858,1142345883736412,1142345915194332,1142346036567365
1.4-fast-8,1142346842678955,1142346850530571,2,3,1142346845306560,1142346858409686,1142346854375050,1142346870652708,1142346872418385,1142346886511043,0,0
1.4-fast-8,1142347849566191,1142347857529629,3,4,1142347851703066,1142347867078849,1142347857777494,1142347873349475,1142347875180256,1142347889235674,0,0
1.4-fast-8,1142348856415458,1142348864527073,4,1,1142348858423062,1142348873906397,1142348861004990,1142348876192856,1142348877830200,1142348892117857,1142348939717393,1142349042635268
1.4-fast-8,1142349863755298,1142349871530611,5,2,1142349865990767,1142349880731498,1142349878447852,1142349895330249,1142349896930718,1142349910776917,1142349943842025,1142350062654537
1.4-fast-8,1142350870572013,1142350878557274,6,3,1142350872975659,1142350887951598,1142350881718316,1142350896629203,1142350898390349,1142350912855246,0,0
1.4-fast-8,1142351877624769,1142351885604770,7,4,1142351880497947,1142351894702167,1142351885589822,1142351900020240,1142351901723574,1142351916202690,0,0
1.4-fast-8,1142352884557578,1142352892539402,8,1,1142352886537057,1142352901690236,1142352886911589,1142352903196695,1142352904894976,1142352916738883,1142352949536595,1142353070051815
1.4-fast-8,1142353891582522,1142353899402471,9,2,1142353893816481,1142353909177368,1142353904867992,1142353921157942,1142353923020963,1142353936800235,1142353970245186,1142354088423844
1.4-fast-8,1142354898660695,1142354906526321,10,3,1142354901001789,1142354916068145,1142354909362936,1142354923842052,1142354925510125,1142354938780699,0,0
1.4-fast-8,1142355905610848,1142355913420015,11,4,1142355908345900,1142355922865329,1142355912397255,1142355926497985,1142355928226423,1142355942613768,0,0
1.4-fast-8,1142356912582146,1142356920754491,12,1,1142356915118917,1142356929882304,1142356928948606,1142356945630274,1142356947492202,1142356962106318,1142356993469133,1142357113638312
1.4-fast-8,1142357919584538,1142357927528914,13,2,1142357921738549,1142357935931727,1142357931910216,1142357948178655,1142357949888447,1142357963808865,1142357995499546,1142358116099245
1.4-fast-8,1142358926592451,1142358934581827,14,3,1142358929432920,1142358944222921,1142358935583285,1142358951610474,1142358953525735,1142358966272351,0,0
1.4-fast-8,1142359933710676,1142359941407500,15,4,1142359935594322,1142359950612136,1142359938105468,1142359953467709,1142359955202449,1142359969525367,0,0
1.4-fast-8,1142360940420308,1142360948419579,16,1,1142360942613068,1142360957519164,1142360955831872,1142360971642186,1142360973130988,1142360988235365,1142361020509743,1142361141400015
1.4-fast-8,1142361947581710,1142361955534576,17,2,1142361950422179,1142361962575253,1142361959091711,1142361975177963,1142361976865359,1142361990692131,1142362038860573,1142362142418292
1.4-fast-8,1142362954591238,1142362962527853,18,3,1142362956670352,1142362971694989,1142362962422176,1142362977605146,1142362979523792,1142362993040721,0,0
1.4-fast-8,1142363961581234,1142363969620818,19,4,1142363965043161,1142363978881704,1142363966023057,1142363980163319,1142363981746392,1142363995854935,0,0
1.4-fast-8,1142364968647480,1142364976549043,20,1,1142364970819303,1142364986145607,1142364982604929,1142364998559670,1142365000217223,1142365014544099,1142365047155977,1142365166353072
1.4-fast-8,1142365975595184,1142365983523050,21,2,1142365979363570,1142365992972374,1142365986856331,1142366001033208,1142366002626124,1142366016612897,1142366049225608,1142366169580724
1.4-fast-8,1142366982733358,1142366990525962,22,3,1142366984854556,1142367000021797,1142366989454087,1142367004311589,1142367006215443,1142367019697892,0,0
1.4-fast-8,1142367989572729,1142367997539188,23,4,1142367991705541,1142368006761376,1142367991799291,1142368022576638,1142368024348618,1142368039384452,0,0
1.4-fast-8,1142368996437360,1142369004543351,24,1,1142368998701475,1142369013780018,1142369009329184,1142369025231686,1142369026901165,1142369041010906,1142369072867785,1142369193369307
1.4-fast-8,1142370003575481,1142370011519493,25,2,1142370005739023,1142370021151629,1142370012776159,1142370027616838,1142370029324078,1142370044259600,1142370075679291,1142370195727792
1.4-fast-8,1142371010578082,1142371018533447,26,3,1142371012581780,1142371027630896,1142371016353186,1142371030677563,1142371032399959,1142371046094283,0,0
1.4-fast-8,1142372017619484,1142372025532245,27,4,1142372020006099,1142372034860423,1142372033414642,1142372049648289,1142372051466831,1142372066165218,0,0
1.4-fast-8,1142373024605209,1142373032543179,28,1,1142373027362397,1142373039851409,1142373036005575,1142373052130525,1142373053919275,1142373069337818,1142373115662771,1142373219880281
1.4-fast-8,1142374031623747,1142374039635050,29,2,1142374034111352,1142374049302395,1142374039688227,1142374054845156,1142374056390000,1142374070630939,1142374103655213,1142374222079756
1.4-fast-8,1142375038438535,1142375046517442,30,3,1142375040357077,1142375055650256,1142375042787285,1142375056899526,1142375058597079,1142375072725101,0,0
1.4-fast-8,1142376045617594,1142376053420772,31,4,1142376047764573,1142376062933533,1142376060182908,1142376076684055,1142376078565149,1142376092760307,0,0
1.4-fast-8,1142377052564413,1142377060521236,32,1,1142377055015455,1142377069836394,1142377063075403,1142377078710561,1142377080274207,1142377094839365,1142377125598066,1142377245604588
1.4-fast-8,1142378059600919,1142378067560451,33,2,1142378061463524,1142378076812588,1142378066847899,1142378081913265,1142378083717432,1142378096842694,1142378130047385,1142378249481042
1.4-fast-8,1142379066565707,1142379074525604,34,3,1142379068941905,1142379084095240,1142379069581645,1142379100527481,1142379102286179,1142379116533993,0,0
1.4-fast-8,1142380073488724,1142380081537319,35,4,1142380075640651,1142380090872945,1142380086731069,1142380103133519,1142380104902634,1142380119042322,0,0
1.4-fast-8,1142381080608616,1142381088459554,36,1,1142381082994137,1142381098171430,1142381090014034,1142381105908098,1142381107487942,1142381121302474,1142381153886176,1142381272970771
1.4-fast-8,1142382087583925,1142382095448092,37,2,1142382090688144,1142382104602937,1142382094025540,1142382107856479,1142382109542104,1142382124413720,1142382172028360,1142382275732173
1.4-fast-8,1142383094556890,1142383102562515,38,3,1142383096883296,1142383111942516,1142383110513089,1142383127192830,1142383129052622,1142383142816686,0,0
1.4-fast-8,1142384101704542,1142384109401678,39,4,1142384104134803,1142384118127356,1142384113705741,1142384129987982,1142384131701212,1142384146488505,0,0
1.4-fast-8,1142385108454747,1142385116550841,40,1,1142385110669486,1142385126056050,1142385117209070,1142385132484645,1142385134217978,1142385148282511,1142385196148141,1142385300278932
1.4-fast-8,1142386115577399,1142386123423077,41,2,1142386117550732,1142386132861619,1142386120015837,1142386135646620,1142386137261516,1142386150197819,1142386198980011,1142386304353147
1.4-fast-8,1142387122667603,1142387130659323,42,3,1142387125515625,1142387139890053,1142387137986563,1142387154025627,1142387155734013,1142387169747035,0,0
1.4-fast-8,1142388129583120,1142388137519788,43,4,1142388131927235,1142388144654737,1142388140774997,1142388156204998,1142388157881769,1142388173087500,0,0
1.4-fast-8,1142389136595564,1142389144523430,44,1,1142389138667023,1142389154061712,1142389144256607,1142389159264629,1142389160748431,1142389174439006,1142389207238644,1142389326564490
1.4-fast-8,1142390143432644,1142390151536759,45,2,1142390145344936,1142390160735875,1142390147195613,1142390161422958,1142390163130563,1142390176664314,1142390225410621,1142390330217142
1.4-fast-8,1142391150648994,1142391158546391,46,3,1142391153090713,1142391167906496,1142391164432016,1142391180596081,1142391182495352,1142391196131863,0,0
1.4-fast-8,1142392157746386,1142392165541595,47,4,1142392160343470,1142392175106128,1142392167937898,1142392183595608,1142392185507795,1142392199062692,0,0
2.0-cruise-120,1142088492646396,1142088500459053,0,1,1142088494748740,1142088514071190,1142088497902647,1142088528988848,1142088580010571,1142088594294375,1142088627595003,1142088745936421
2.0-cruise-120,1142089499618996,1142089507588945,1,2,1142089502637382,1142089516785769,1142089514648008,1142089530725927,1142089581129734,1142089595624475,1142089629786041,1142089747358136
2.0-cruise-120,1142090506592430,1142090514649202,2,3,1142090508913732,1142090535952902,1142090518193212,1142090550190559,1142090585291032,1142090598551450,0,0
2.0-cruise-120,1142091513484562,1142091521824979,3,4,1142091515846906,1142091538716074,1142091519847739,1142091551754878,1142091588438267,1142091601954622,0,0
2.0-cruise-120,1142092520645756,1142092528502631,4,1,1142092523240652,1142092541324247,1142092538835914,1142092555895551,1142092607018993,1142092620683370,1142092667873062,1142092770924635
2.0-cruise-120,1142093527674554,1142093535464815,5,2,1142093529970752,1142093543259660,1142093540576951,1142093556915078,1142093609464406,1142093623792584,1142093654465400,1142093773831089
2.0-cruise-120,1142094534694810,1142094542542259,6,3,1142094537863040,1142094563012001,1142094544435384,1142094576654763,1142094611502318,1142094625605861,0,0
2.0-cruise-120,1142095541493765,1142095549617568,7,4,1142095543491734,1142095565533038,1142095547676943,1142095578853456,1142095631571638,1142095644223671,0,0
2.0-cruise-120,1142096548685011,1142096556566001,8,1,1142096552102407,1142096567881055,1142096565356888,1142096581204598,1142096633773926,1142096647218458,1142096678065180,1142096799063838
2.0-cruise-120,1142097555505216,1142097563580112,9,2,1142097558287247,1142097570293915,1142097567971519,1142097583372197,1142097635337203,1142097648791996,1142097682427468,1142097801657323
2.0-cruise-120,1142098562657035,1142098570588754,10,3,1142098565615108,1142098589707454,1142098571610213,1142098602689851,1142098639022667,1142098652230012,0,0
2.0-cruise-120,1142099569468124,1142099577454948,11,4,1142099571795052,1142099592338804,1142099573535208,1142099604956461,1142099657508602,1142099672065843,0,0
2.0-cruise-120,1142100576737704,1142100584612549,12,1,1142100579445465,1142100594653904,1142100590643174,1142100607612603,1142100659335212,1142100672323911,1142100706324436,1142100825463718
2.0-cruise-120,1142101583644523,1142101591954941,13,2,1142101586288065,1142101613276505,1142101593656555,1142101627594007,1142101661461250,1142101675545782,1142101708240838,1142101826085953
2.0-cruise-120,1142102590629363,1142102598596395,14,3,1142102593331811,1142102616394938,1142102597426551,1142102629444158,1142102663998277,1142102678047028,0,0
2.0-cruise-120,1142103597640505,1142103605606912,15,4,1142103600386599,1142103618539049,1142103615762850,1142103631889519,1142103683564576,1142103697682442,0,0
2.0-cruise-120,1142104604943418,1142104612612273,16,1,1142104608777481,1142104621580451,1142104618467430,1142104633961702,1142104686390197,1142104699719781,1142104733001243,1142104850920942
2.0-cruise-120,1142105612281331,1142105619639456,17,2,1142105614684300,1142105640665552,1142105621638415,1142105653409408,1142105689673943,1142105702418631,1142105735552176,1142105854163334
2.0-cruise-120,1142106618636691,1142106626469400,18,3,1142106620929192,1142106643153152,1142106621458046,1142106655737789,1142106708155867,1142106721793368,0,0
2.0-cruise-120,1142107625531375,1142107633491115,19,4,1142107628497104,1142107645525544,1142107641985231,1142107657544920,1142107711397581,1142107725067531,0,0
2.0-cruise-120,1142108632646996,1142108640570539,20,1,1142108636079028,1142108647963925,1142108644751581,1142108660168509,1142108713863723,1142108726544610,1142108759334613,1142108879403896
2.0-cruise-120,1142109639640638,1142109647585899,21,2,1142109643384701,1142109667153662,1142109648965587,1142109680101371,1142109716366375,1142109729708720,1142109760549921,1142109881192016
2.0-cruise-120,1142110646483238,1142110654741000,22,3,1142110649184593,1142110669861678,1142110650898395,1142110681906523,1142110734375539,1142110747978248,0,0
2.0-cruise-120,1142111653655370,1142111661648183,23,4,1142111656478079,1142111672368393,1142111668331726,1142111684524800,1142111736850118,1142111751071786,0,0
2.0-cruise-120,1142112660956199,1142112668635002,24,1,1142112664234221,1142112691424275,1142112671229221,1142112703827714,1142112738662822,1142112752610740,1142112785484233,1142112904010807
2.0-cruise-120,1142113667506456,1142113675600571,25,2,1142113669840935,1142113693677813,1142113674632290,1142113706086356,1142113740994328,1142113754445006,1142113788333656,1142113905074448
2.0-cruise-120,1142114674698692,1142114682534318,26,3,1142114678768119,1142114696436298,1142114692039318,1142114708344841,1142114760493179,1142114774424431,0,0
2.0-cruise-120,1142115681498063,1142115689580460,27,4,1142115684243949,1142115698941502,1142115694165668,1142115710754368,1142115763601040,1142115778863698,0,0
2.0-cruise-120,1142116688669361,1142116696466029,28,1,1142116693307695,1142116718359677,1142116700701498,1142116730720303,1142116766727233,1142116779081401,1142116810953175,1142116930116416
2.0-cruise-120,1142117695640295,1142117703585139,29,2,1142117698120920,1142117720763162,1142117701708525,1142117733031809,1142117768150667,1142117781274001,1142117813248588,1142117933350162
2.0-cruise-120,1142118702657062,1142118710613156,30,3,1142118705001749,1142118723033366,1142118705419822,1142118735138211,1142118787742695,1142118801037801,0,0
2.0-cruise-120,1142119709635808,1142119717582007,31,4,1142119711983464,1142119725453987,1142119721329872,1142119737380186,1142119790550243,1142119804150765,0,0
2.0-cruise-120,1142120716488564,1142120724724347,32,1,1142120720515440,1142120744531328,1142120727908305,1142120757402319,1142120792593051,1142120807536386,1142120837912118,1142120958531401
2.0-cruise-120,1142121723672727,1142121731467155,33,2,1142121726188457,1142121747244657,1142121728363249,1142121759592314,1142121811441851,1142121825343831,1142121858926439,1142121977372857
2.0-cruise-120,1142122730635276,1142122738599339,34,3,1142122734334130,1142122749844340,1142122745883871,1142122761176424,1142122814280753,1142122828823410,0,0
2.0-cruise-120,1142123737640740,1142123745592147,35,4,1142123740518501,1142123752331367,1142123749816106,1142123765205899,1142123817089082,1142123831421271,0,0
2.0-cruise-120,1142124744903289,1142124752594227,36,1,1142124747221206,1142124771722302,1142124752322612,1142124783889022,1142124820033296,1142124833311735,1142124866749186,1142124983192010
2.0-cruise-120,1142125751870160,1142125760279484,37,2,1142125758345577,1142125774020475,1142125759028129,1142125784549746,1142125838362877,1142125852346003,1142125885266059,1142126004234925
2.0-cruise-120,1142126758642760,1142126766688073,38,3,1142126760807917,1142126776559845,1142126772361980,1142126789026826,1142126840959591,1142126854763395,0,0
2.0-cruise-120,1142127765614267,1142127773653382,39,4,1142127769105048,1142127795323905,1142127773572340,1142127805701406,1142127840541514,1142127855299119,0,0
2.0-cruise-120,1142128772569992,1142128780502909,40,1,1142128774746867,1142128797630515,1142128793065879,1142128809343694,1142128844764478,1142128858422292,1142128889803545,1142129008715693
2.0-cruise-120,1142129779625874,1142129787471604,41,2,1142129781570093,1142129800234574,1142129795251865,1142129812082804,1142129864294944,1142129877645415,1142129910481251,1142130028441732
2.0-cruise-120,1142130786764463,1142130794591183,42,3,1142130788858266,1142130802948319,1142130798682225,1142130815578060,1142130866828274,1142130880557598,0,0
2.0-cruise-120,1142131793495397,1142131801727117,43,4,1142131795315918,1142131822397275,1142131800760971,1142131834666599,1142131869970405,1142131884101448,0,0
2.0-cruise-120,1142132800592581,1142132808572061,44,1,1142132802627164,1142132824999614,1142132820486333,1142132837193678,1142132890131392,1142132902327955,1142132933790511,1142133052881929
2.0-cruise-120,1142133807511535,1142133815615651,45,2,1142133810077838,1142133827520443,1142133823167318,1142133839229768,1142133892400606,1142133905586649,1142133938142382,1142134057349529
2.0-cruise-120,1142134814508406,1142134822832834,46,3,1142134818207000,1142134829768772,1142134826528772,1142134842240649,1142134894268050,1142134907620707,0,0
2.0-cruise-120,1142135822167517,1142135829590955,47,4,1142135825730643,1142135849069759,1142135833411112,1142135860579084,1142135897745702,1142135910943047,0,0
2.0-cruise-8,1141895991223521,1141895999015241,0,1,1141895994343001,1141896008135346,1141896000438418,1141896015778941,1141896017439722,1141896032072328,1141896079729936,1141896182813957
2.0-cruise-8,1141896997962945,1141897006064925,1,2,1141896999790445,1141897015187009,1141897003457320,1141897019142270,1141897020805811,1141897034150813,1141897066277535,1141897185449682
2.0-cruise-8,1141898005269347,1141898013055962,2,3,1141898008443983,1141898022146901,1141898020804609,1141898036553569,1141898038309038,1141898051678570,0,0
2.0-cruise-8,1141899011961374,1141899020051323,3,4,1141899014285020,1141899029374814,1141899024027417,1141899039830492,1141899041637732,1141899056124295,0,0
2.0-cruise-8,1141900018954600,1141900026929496,4,1,1141900022113663,1141900036393039,1141900026720486,1141900042458456,1141900045610123,1141900057683822,1141900090597940,1141900210163629
2.0-cruise-8,1141901026109179,1141901034106993,5,2,1141901028057929,1141901043296525,1141901030065273,1141901045348764,1141901048112983,1141901058624599,1141901108611896,1141901211328677
2.0-cruise-8,1141902032963290,1141902041050843,6,3,1141902035069801,1141902049748708,1141902046096052,1141902062972095,1141902064789335,1141902078298086,0,0
2.0-cruise-8,1141903040033494,1141903048048860,7,4,1141903042290526,1141903057259798,1141903051875683,1141903064771205,1141903066386205,1141903081210582,0,0
2.0-cruise-8,1141904047244011,1141904055279377,8,1,1141904049866147,1141904064190524,1141904053461252,1141904068195159,1141904070374118,1141904083988598,1141904131173499,1141904235348666
2.0-cruise-8,1141905053942185,1141905062142602,9,2,1141905055655310,1141905071571509,1141905056108070,1141905086656407,1141905088388542,1141905102363387,1141905133488703,1141905254670590
2.0-cruise-8,1141906061100566,1141906069103536,10,3,1141906063786244,1141906076680672,1141906073400984,1141906089456975,1141906091144788,1141906104597081,0,0
2.0-cruise-8,1141907068038062,1141907076054938,11,4,1141907070958688,1141907085690408,1141907077268897,1141907092700669,1141907094509940,1141907108592493,0,0
2.0-cruise-8,1141908075082798,1141908082929934,12,1,1141908077625871,1141908092299831,1141908080813111,1141908095569623,1141908097307904,1141908110026135,1141908141175253,1141908264457140
2.0-cruise-8,1141909081955763,1141909089938472,13,2,1141909084747117,1141909099411546,1141909097488056,1141909113501027,1141909115202329,1141909129107695,1141909162418271,1141909282028023
2.0-cruise-8,1141910089121749,1141910096926489,14,3,1141910091712218,1141910106616386,1141910100742739,1141910115741908,1141910117912950,1141910133303784,0,0
2.0-cruise-8,1141911096074297,1141911104065756,15,4,1141911098048933,1141911113275392,1141911102344298,1141911118402633,1141911120322060,1141911134698572,0,0
2.0-cruise-8,1141912102954710,1141912110967158,16,1,1141912105588668,1141912120447732,1141912107298877,1141912121654451,1141912123282993,1141912136502526,1141912184677895,1141912288784937
2.0-cruise-8,1141913110259550,1141913117925280,17,2,1141913112230592,1141913127745541,1141913123042259,1141913139791480,1141913141494917,1141913154902835,1141913187908047,1141913308866184
2.0-cruise-8,1141914117139181,1141914125045276,18,3,1141914120079807,1141914134309912,1141914127732359,1141914142717830,1141914144472413,1141914158537727,0,0
2.0-cruise-8,1141915123952198,1141915131943918,19,4,1141915126760323,1141915141244544,1141915130018970,1141915145481627,1141915147431107,1141915161904962,0,0
2.0-cruise-8,1141916131155163,1141916139330945,20,1,1141916133676361,1141916148230842,1141916147706206,1141916164710687,1141916166409750,1141916180851626,1141916212631734,1141916333709090
2.0-cruise-8,1141917137976149,1141917146135212,21,2,1141917140088284,1141917154116567,1141917150577817,1141917166753079,1141917168454485,1141917183029226,1141917214731938,1141917335044606
2.0-cruise-8,1141918145585364,1141918153143437,22,3,1141918148970989,1141918162681668,1141918156860573,1141918169495002,1141918171174689,1141918185112607,0,0
2.0-cruise-8,1141919151951714,1141919160035934,23,4,1141919154880204,1141919169391560,1141919157410881,1141919172119529,1141919173850987,1141919188116405,0,0
2.0-cruise-8,1141920158948898,1141920166996867,24,1,1141920161115200,1141920176455149,1141920174753170,1141920190712182,1141920192600411,1141920206791194,1141920238041197,1141920358315532
2.0-cruise-8,1141921166149988,1141921174044207,25,2,1141921168592488,1141921180658218,1141921177373999,1141921192772438,1141921194371449,1141921208581867,1141921240843901,1141921361141257
2.0-cruise-8,1141922173055036,1141922181043005,26,3,1141922175045609,1141922190254881,1141922180922485,1141922195649465,1141922197420663,1141922210785977,0,0
2.0-cruise-8,1141923180096074,1141923188057012,27,4,1141923182141491,1141923197336857,1141923184629043,1141923199398680,1141923201203784,1141923214215556,0,0
2.0-cruise-8,1141924186968674,1141924195059977,28,1,1141924189235080,1141924204626488,1141924200928675,1141924217308156,1141924218946229,1141924232819616,1141924265798005,1141924385571819
2.0-cruise-8,1141925194151066,1141925201937421,29,2,1141925196523931,1141925211790339,1141925205381484,1141925220623829,1141925222383621,1141925233788414,1141925284885815,1141925387735460
2.0-cruise-8,1141926201098302,1141926209067782,30,3,1141926203854083,1141926218385387,1141926208163615,1141926222729137,1141926224452367,1141926238109243,0,0
2.0-cruise-8,1141927208127725,1141927216084288,31,4,1141927210022048,1141927225130591,1141927211144236,1141927225887154,1141927228129289,1141927241133457,0,0
2.0-cruise-8,1141928214962304,1141928222934493,32,1,1141928217277253,1141928231782358,1141928227022306,1141928244109547,1141928245637047,1141928260565226,1141928291802937,1141928412421543
2.0-cruise-8,1141929222156311,1141929230054176,33,2,1141929224556520,1141929239589698,1141929231758083,1141929246804334,1141929248790272,1141929262025898,1141929310346111,1141929414089143
2.0-cruise-8,1141930229105578,1141930236939172,34,3,1141930232103912,1141930246456517,1141930234549537,1141930249070736,1141930250889122,1141930264484644,0,0
2.0-cruise-8,1141931236104585,1141931243976096,35,4,1141931239060835,1141931253179742,1141931253702763,1141931253810263,1141931255668389,1141931268095004,0,0
2.0-cruise-8,1141932242956612,1141932251048800,36,1,1141932245305987,1141932258554530,1141932254669269,1141932270158802,1141932271644479,1141932286814950,1141932317978963,1141932438537308
2.0-cruise-8,1141933249961764,1141933258054682,37,2,1141933252072077,1141933267466610,1141933258467911,1141933273266350,1141933274899736,1141933288487966,1141933337021252,1141933440702773
2.0-cruise-8,1141934257258115,1141934265047543,38,3,1141934260266865,1141934273978429,1141934261604313,1141934275269575,1141934277106867,1141934291140201,0,0
2.0-cruise-8,1141935264125350,1141935271952799,39,4,1141935266484882,1141935281493894,1141935278615560,1141935294854103,1141935296728739,1141935311059730,0,0
2.0-cruise-8,1141936271096753,1141936279078993,40,1,1141936273704461,1141936288647484,1141936282033108,1141936297137641,1141936298813474,1141936313306444,1141936345729000,1141936465084793
2.0-cruise-8,1141937278115499,1141937286091958,41,2,1141937280934978,1141937295250449,1141937285247687,1141937299653470,1141937301330605,1141937314953680,1141937364553320,1141937468021143
2.0-cruise-8,1141938285158360,1141938292959194,42,3,1141938287814350,1141938302588413,1141938288646016,1141938319133207,1141938320926957,1141938334271906,0,0
2.0-cruise-8,1141939292321377,1141939300063096,43,4,1141939294514658,1141939309471378,1141939304720336,1141939321216692,1141939323090963,1141939336960964,0,0
2.0-cruise-8,1141940299127727,1141940306987415,44,1,1141940301876842,1141940317145229,1141940308328197,1141940323593719,1141940325114084,1141940339866585,1141940371611588,1141940491368788
2.0-cruise-8,1141941306207098,1141941314046578,45,2,1141941308821005,1141941323256266,1141941311313140,1141941326560538,1141941328318663,1141941342154706,1141941373605282,1141941493923940
2.0-cruise-8,1141942312970375,1141942320970064,46,3,1141942315058188,1141942330374231,1141942328816783,1141942344930743,1141942346769181,1141942361052307,0,0
2.0-cruise-8,1141943320078340,1141943328080685,47,4,1141943322259174,1141943336131155,1141943331979800,1141943347231729,1141943348864541,1141943364788189,0,0
2.0-fast-8,1142280985029166,1142280993116614,0,1,1142280987417187,1142281002062501,1142280993309323,1142281008209064,1142281009883126,1142281024732763,1142281071137195,1142281175540070
2.0-fast-8,1142281991575047,1142281999574267,1,2,1142281993992652,1142282009324841,1142281995642548,1142282011560101,1142282014353122,1142282026140311,1142282073489378,1142282177146889
2.0-fast-8,1142282998576918,1142283006677700,2,3,1142283000762960,1142283015885045,1142283012650878,1142283028790567,1142283030735567,1142283043579266,0,0
2.0-fast-8,1142284005583216,1142284013561603,3,4,1142284007838894,1142284023213635,1142284016859988,1142284032230667,1142284034081865,1142284048428221,0,0
2.0-fast-8,1142285012805661,1142285020546859,4,1,1142285015694880,1142285030258006,1142285019732224,1142285034741132,1142285036318944,1142285050796185,1142285083482386,1142285201938752
2.0-fast-8,1142286019559719,1142286027734251,5,2,1142286021492949,1142286036810398,1142286021602688,1142286037895190,1142286041202482,1142286052899514,1142286086160611,1142286204149008
2.0-fast-8,1142287026584663,1142287034671799,6,3,1142287028804195,1142287042368259,1142287039188362,1142287055428729,1142287057268729,1142287070725605,0,0
2.0-fast-8,1142288033679034,1142288041552004,7,4,1142288036302889,1142288051129974,1142288042798254,1142288058038881,1142288060111329,1142288073457059,0,0
2.0-fast-8,1142289040716218,1142289048566583,8,1,1142289044066635,1142289057753303,1142289046255906,1142289061409241,1142289063125283,1142289075667419,1142289108811694,1142289228166653
2.0-fast-8,1142290047711318,1142290055712725,9,2,1142290050329704,1142290065148247,1142290062825539,1142290079035280,1142290080737676,1142290095073302,1142290127998253,1142290246871494
2.0-fast-8,1142291054721575,1142291062775795,10,3,1142291057034231,1142291072045587,1142291065861941,1142291081616421,1142291083448036,1142291096807360,0,0
2.0-fast-8,1142292061735165,1142292069700270,11,4,1142292063694488,1142292078847510,1142292069351572,1142292084601730,1142292086345896,1142292099606158,0,0
2.0-fast-8,1142293068561255,1142293076667766,12,1,1142293070497765,1142293085832559,1142293072042036,1142293087595215,1142293089303184,1142293103205633,1142293134415949,1142293255205857
2.0-fast-8,1142294075564480,1142294083554689,13,2,1142294077742553,1142294093232555,1142294090637502,1142294105929483,1142294107474171,1142294122066151,1142294153709592,1142294275336479
2.0-fast-8,1142295082691716,1142295090672081,14,3,1142295084601247,1142295100175311,1142295094247394,1142295110288073,1142295111955417,1142295125644585,0,0
2.0-fast-8,1142296089556035,1142296097549004,15,4,1142296091520045,1142296106902339,1142296097154734,1142296111635256,1142296113499475,1142296127272809,0,0
2.0-fast-8,1142297096558844,1142297104573844,16,1,1142297098624781,1142297114123793,1142297099232021,1142297129411347,1142297130865514,1142297145145255,1142297177340414,1142297297469541
2.0-fast-8,1142298103686600,1142298111676549,17,2,1142298106079569,1142298119828268,1142298116123216,1142298132828218,1142298134622593,1142298148273844,1142298181497233,1142298300644849
2.0-fast-8,1142299111399878,1142299118682691,18,3,1142299113544826,1142299128151233,1142299120093785,1142299135287640,1142299137017849,1142299151482798,0,0
2.0-fast-8,1142300117733311,1142300125559562,19,4,1142300120362166,1142300134709511,1142300123637114,1142300137831959,1142300139653470,1142300154126284,0,0
2.0-fast-8,1142301124718411,1142301132706746,20,1,1142301126858255,1142301141964299,1142301140355913,1142301156585029,1142301158162998,1142301173069823,1142301205859774,1142301324613483
2.0-fast-8,1142302131724137,1142302139546585,21,2,1142302134069189,1142302146940701,1142302143824138,1142302159780494,1142302161522004,1142302175223360,1142302207990759,1142302326807698
2.0-fast-8,1142303138588977,1142303146680123,22,3,1142303141123560,1142303156070853,1142303146878717,1142303162300542,1142303164451844,1142303178151585,0,0
2.0-fast-8,1142304145758035,1142304153776161,23,4,1142304148022306,1142304162892152,1142304150822984,1142304165701735,1142304167552100,1142304180709080,0,0
2.0-fast-8,1142305152719281,1142305160551834,24,1,1142305154980063,1142305169777825,1142305167458918,1142305182181524,1142305183679024,1142305199670588,1142305232500852,1142305351538989
2.0-fast-8,1142306160879330,1142306167671310,25,2,1142306163092038,1142306177181519,1142306171059643,1142306185743916,1142306187399697,1142306201265167,1142306234476056,1142306355066432
2.0-fast-8,1142307166579065,1142307174567608,26,3,1142307168494847,1142307184134536,1142307174162764,1142307188812661,1142307190674380,1142307204739746,0,0
2.0-fast-8,1142308173755624,1142308181672812,27,4,1142308176010364,1142308190901303,1142308176668749,1142308191882449,1142308193938855,1142308207615419,0,0
2.0-fast-8,1142309180769058,1142309188563538,28,1,1142309183077079,1142309197827080,1142309193950205,1142309210635363,1142309212248748,1142309226037552,1142309256856774,1142309377309806
2.0-fast-8,1142310187713585,1142310195663586,29,2,1142310190318637,1142310205186764,1142310197908430,1142310212326296,1142310214049890,1142310228080256,1142310275891615,1142310380010167
2.0-fast-8,1142311194715092,1142311202571395,30,3,1142311197030977,1142311211886031,1142311200373321,1142311215652490,1142311217477802,1142311231136449,0,0
2.0-fast-8,1142312201620296,1142312209811339,31,4,1142312203798473,1142312219178319,1142312204510557,1142312235426237,1142312237255560,1142312251928999,0,0
2.0-fast-8,1142313208811022,1142313216551751,32,1,1142313210850761,1142313224713106,1142313221454148,1142313237309931,1142313239087014,1142313253736755,1142313285939310,1142313405297656
2.0-fast-8,1142314215599663,1142314223544143,33,2,1142314217802841,1142314233231071,1142314222594456,1142314239177166,1142314240769458,1142314254794980,1142314287855764,1142314406916558
2.0-fast-8,1142315222901639,1142315230680754,34,3,1142315225278097,1142315240249088,1142315227603671,1142315242703932,1142315244577943,1142315256895757,0,0
2.0-fast-8,1142316229564500,1142316237559657,35,4,1142316231838146,1142316246854553,1142316244706480,1142316261231846,1142316263298565,1142316277194088,0,0
2.0-fast-8,1142317236731683,1142317244663351,36,1,1142317239054079,1142317251160643,1142317248137934,1142317263478040,1142317265046321,1142317279781687,1142317312188930,1142317431741807
2.0-fast-8,1142318243776836,1142318251693816,37,2,1142318247049180,1142318260812827,1142318251496316,1142318266346057,1142318267986265,1142318281916371,1142318329587261,1142318434405032
2.0-fast-8,1142319250709644,1142319258758812,38,3,1142319252771519,1142319267988969,1142319253857717,1142319268940896,1142319270903813,1142319284353345,0,0
2.0-fast-8,1142320257859120,1142320265685839,39,4,1142320260051047,1142320275099017,1142320271537090,1142320288096050,1142320290049852,1142320306127354,0,0
2.0-fast-8,1142321264729532,1142321272822398,40,1,1142321267162189,1142321282249326,1142321274626044,1142321290770525,1142321292389223,1142321306475370,1142321338019748,1142321458035489
2.0-fast-8,1142322271709789,1142322279668696,41,2,1142322274383852,1142322289020207,1142322276961144,1142322292133853,1142322293983749,1142322308129845,1142322340732244,1142322460130745
2.0-fast-8,1142323278584473,1142323286684578,42,3,1142323282994265,1142323296010724,1142323284858692,1142323311635674,1142323313490726,1142323327551352,0,0
2.0-fast-8,1142324285735354,1142324293673688,43,4,1142324288043167,1142324302248064,1142324298171032,1142324314698690,1142324316662493,1142324331529161,0,0
2.0-fast-8,1142325292769152,1142325300725768,44,1,1142325296033111,1142325310208373,1142325301199049,1142325316876967,1142325318484936,1142325332141500,1142325364855201,1142325484625526
2.0-fast-8,1142326299567534,1142326307680920,45,2,1142326303797014,1142326316917431,1142326305995607,1142326319750973,1142326321449984,1142326334861392,1142326384631501,1142326487140469
2.0-fast-8,1142327306722218,1142327314746906,46,3,1142327309544770,1142327324410344,1142327322367323,1142327338309200,1142327340203054,1142327354999827,0,0
2.0-fast-8,1142328313747995,1142328321667371,47,4,1142328316054401,1142328328660705,1142328325239507,1142328341208571,1142328343111696,1142328356838624,0,0
2.1-cruise-120,1142024230262182,1142024238105360,0,1,1142024232699630,1142024254382236,1142024236408953,1142024268275936,1142024319604951,1142024333756567,1142024365170112,1142024484985384
2.1-cruise-120,1142025237104001,1142025244997908,1,2,1142025240082595,1142025256959472,1142025254049940,1142025270869629,1142025321599582,1142025336417917,1142025370116670,1142025488330640
2.1-cruise-120,1142026244002174,1142026252082123,2,3,1142026246938529,1142026259770509,1142026257191290,1142026273177906,1142026324668953,1142026339100673,0,0
2.1-cruise-120,1142027251001962,1142027258969098,3,4,1142027253886858,1142027278694413,1142027260134879,1142027292646341,1142027327830772,1142027343049575,0,0
2.1-cruise-120,1142028258047479,1142028266170813,4,1,1142028261056177,1142028281072690,1142028263388209,1142028295208368,1142028345893321,1142028360846447,1142028408294213,1142028512425890
2.1-cruise-120,1142029265131173,1142029273269247,5,2,1142029268017371,1142029283450289,1142029281382112,1142029296424041,1142029348502431,1142029363428579,1142029395260769,1142029513075104
2.1-cruise-120,1142030272127107,1142030280079920,6,3,1142030274457367,1142030302937735,1142030282824868,1142030316242163,1142030350271073,1142030365006803,0,0
2.1-cruise-120,1142031278967624,1142031287090176,7,4,1142031281125176,1142031305094605,1142031285456374,1142031319020284,1142031352611798,1142031367791174,0,0
2.1-cruise-120,1142032285977047,1142032293979287,8,1,1142032287866162,1142032307870278,1142032303456424,1142032320884082,1142032371131326,1142032385624036,1142032417939820,1142032536602228
2.1-cruise-120,1142033292974178,1142033301094075,9,2,1142033295108241,1142033310198868,1142033306285117,1142033322897202,1142033373479395,1142033387931011,1142033421117524,1142033538323317
2.1-cruise-120,1142034299988081,1142034308102457,10,3,1142034302693289,1142034329513084,1142034309094019,1142034341811418,1142034376506526,1142034390792777,0,0
2.1-cruise-120,1142035307164171,1142035315080369,11,4,1142035309586567,1142035331782038,1142035312655005,1142035343085164,1142035378247511,1142035393351940,0,0
2.1-cruise-120,1142036314294271,1142036322248647,12,1,1142036317293282,1142036334190419,1142036330507502,1142036347071774,1142036398213134,1142036413042823,1142036445731420,1142036565247890
2.1-cruise-120,1142037321145569,1142037329082810,13,2,1142037325655882,1142037336718800,1142037333051612,1142037349369062,1142037400549067,1142037414934954,1142037448166728,1142037567602104
2.1-cruise-120,1142038328174315,1142038336158431,14,3,1142038330915305,1142038356139422,1142038336671712,1142038369323382,1142038403164635,1142038417378647,0,0
2.1-cruise-120,1142039335136134,1142039343082489,15,4,1142039337828218,1142039358886137,1142039340196604,1142039370828951,1142039422280258,1142039439113645,0,0
2.1-cruise-120,1142040341993266,1142040350170090,16,1,1142040344712329,1142040361489830,1142040358011132,1142040373570248,1142040424531816,1142040440111140,1142040473289894,1142040590547926
2.1-cruise-120,1142041348995918,1142041357103732,17,2,1142041351909825,1142041380057640,1142041360348576,1142041392908423,1142041426916395,1142041442080355,1142041473676660,1142041593328651
2.1-cruise-120,1142042356475290,1142042364081280,18,3,1142042359035082,1142042382909198,1142042364774145,1142042396310294,1142042430006182,1142042445698528,0,0
2.1-cruise-120,1142043363130546,1142043371093307,19,4,1142043367535963,1142043384964507,1142043368427526,1142043398123570,1142043449255138,1142043464447119,0,0
2.1-cruise-120,1142044370119657,1142044378017678,20,1,1142044372766428,1142044387902940,1142044384112575,1142044400986535,1142044451698727,1142044467189302,1142044498165034,1142044618861088
2.1-cruise-120,1142045377161007,1142045385335695,21,2,1142045381073976,1142045406799031,1142045388446946,1142045419978616,1142045453260598,1142045468549558,1142045501595030,1142045621187959
2.1-cruise-120,1142046384011055,1142046392093765,22,3,1142046387087149,1142046409679287,1142046391159025,1142046422227309,1142046456351531,1142046470352783,0,0
2.1-cruise-120,1142047391264854,1142047399060063,23,4,1142047394111989,1142047411924856,1142047407827459,1142047425076628,1142047475549706,1142047492226843,0,0
2.1-cruise-120,1142048397995162,1142048406074746,24,1,1142048400437610,1142048414070424,1142048410006726,1142048426388342,1142048477622931,1142048492276005,1142048525419446,1142048645105760
2.1-cruise-120,1142049405025419,1142049413090368,25,2,1142049409929221,1142049433755682,1142049418162451,1142049444733600,1142049480044697,1142049494903032,1142049528202254,1142049645235182
2.1-cruise-120,1142050412130780,1142050420083072,26,3,1142050414616249,1142050436420157,1142050417269738,1142050447914898,1142050499298653,1142050514032873,0,0
2.1-cruise-120,1142051419005255,1142051426984527,27,4,1142051421977755,1142051438896611,1142051435075256,1142051451187862,1142051502135263,1142051518164744,0,0
2.1-cruise-120,1142052426198220,1142052434091450,28,1,1142052429686710,1142052441436294,1142052438368898,1142052453707598,1142052504271769,1142052520006302,1142052551138857,1142052670323192
2.1-cruise-120,1142053433083008,1142053441096394,29,2,1142053435458997,1142053460163948,1142053441536967,1142053472839730,1142053505074265,1142053520975256,1142053554376405,1142053672690896
2.1-cruise-120,1142054440128629,1142054448073421,30,3,1142054442793369,1142054462995558,1142054444559254,1142054475125924,1142054526469158,1142054541174316,0,0
2.1-cruise-120,1142055447259250,1142055455150449,31,4,1142055450142271,1142055465548679,1142055461285762,1142055478300868,1142055528749518,1142055544298895,0,0
2.1-cruise-120,1142056454186277,1142056462074247,32,1,1142056456641746,1142056484226489,1142056464432424,1142056497132323,1142056530959045,1142056546713474,1142056577445196,1142056698500364
2.1-cruise-120,1142057461147315,1142057468975180,33,2,1142057463474399,1142057487315703,1142057467214659,1142057499429402,1142057532974979,1142057547544355,1142057580261390,1142057700757860
2.1-cruise-120,1142058468159134,1142058476075020,34,3,1142058471394135,1142058490164657,1142058485381740,1142058501935492,1142058552977893,1142058567053311,0,0
2.1-cruise-120,1142059475193662,1142059483242152,35,4,1142059478253401,1142059492173038,1142059487600121,1142059503872310,1142059555315597,1142059570467057,0,0
2.1-cruise-120,1142060482075689,1142060490091731,36,1,1142060485601366,1142060511244390,1142060491276679,1142060523173297,1142060557782728,1142060572586740,1142060605352785,1142060722707640
2.1-cruise-120,1142061488996518,1142061497085478,37,2,1142061491331050,1142061513912302,1142061494219592,1142061525549022,1142061576754183,1142061591201789,1142061624616792,1142061743618210
2.1-cruise-120,1142062496471410,1142062504117036,38,3,1142062499863807,1142062516634746,1142062512245891,1142062528758028,1142062579633138,1142062594772827,0,0
2.1-cruise-120,1142063503162240,1142063511083387,39,4,1142063506045521,1142063519200158,1142063515186460,1142063531104586,1142063582174696,1142063597359593,0,0
2.1-cruise-120,1142064510258903,1142064517999841,40,1,1142064512750101,1142064537967968,1142064518721143,1142064550369115,1142064584171827,1142064600314016,1142064632237457,1142064750288458
2.1-cruise-120,1142065517127909,1142065525079733,41,2,1142065519587076,1142065540648433,1142065521379108,1142065552148954,1142065603685678,1142065618562763,1142065651426360,1142065771054133
2.1-cruise-120,1142066524143895,1142066532092073,42,3,1142066526876708,1142066543137126,1142066538942334,1142066555550773,1142066606857341,1142066621587082,0,0
2.1-cruise-120,1142067531132225,1142067539087434,43,4,1142067534807694,1142067562264832,1142067541789569,1142067574461864,1142067608428378,1142067623978171,0,0
2.1-cruise-120,1142068538161544,1142068546123992,44,1,1142068541293627,1142068564489619,1142068545925815,1142068577140558,1142068610713165,1142068625744625,1142068658185253,1142068778480838
2.1-cruise-120,1142069545220498,1142069552961541,45,2,1142069548701332,1142069567199407,1142069562692062,1142069578853626,1142069629758215,1142069644984466,1142069677562230,1142069797344950
2.1-cruise-120,1142070552188932,1142070560079610,46,3,1142070554863307,1142070569720756,1142070564980079,1142070581242424,1142070632402846,1142070647966337,0,0
2.1-cruise-120,1142071559195178,1142071567124137,47,4,1142071562744762,1142071588719816,1142071568694189,1142071600523411,1142071635488154,1142071650376802,0,0
2.1-cruise-8,1141960031949484,1141960039730839,0,1,1141960033856047,1141960049320684,1141960042382090,1141960057225945,1141960057785216,1141960073195218,1141960106262721,1141960225211743
2.1-cruise-8,1141961038746981,1141961046840888,1,2,1141961040882345,1141961056090159,1141961044906981,1141961060275576,1141961060804379,1141961077038391,1141961108888446,1141961227520749
2.1-cruise-8,1141962045725414,1141962053870936,2,3,1141962047715310,1141962063150155,1141962063580312,1141962063690364,1141962064485051,1141962078701720,0,0
2.1-cruise-8,1141963052986140,1141963060851297,3,4,1141963055009525,1141963068518068,1141963066404318,1141963082061142,1141963082783174,1141963098030154,0,0
2.1-cruise-8,1141964060045198,1141964067891136,4,1,1141964062666292,1141964077348585,1141964070308064,1141964084292336,1141964084867805,1141964100434004,1141964148721092,1141964251115009
2.1-cruise-8,1141965066881340,1141965074733633,5,2,1141965068743944,1141965083997279,1141965072277747,1141965087463165,1141965087982384,1141965101556969,1141965150384994,1141965253814067
2.1-cruise-8,1141966073900190,1141966081872847,6,3,1141966076623055,1141966090817119,1141966088954463,1141966105422746,1141966106144829,1141966121129518,0,0
2.1-cruise-8,1141967080753989,1141967088845812,7,4,1141967083154458,1141967098205345,1141967091600656,1141967107732898,1141967108366439,1141967123941128,0,0
2.1-cruise-8,1141968087791224,1141968095927736,8,1,1141968090576746,1141968105102580,1141968095795131,1141968109890758,1141968110422268,1141968126315759,1141968174054306,1141968277906400
2.1-cruise-8,1141969094841793,1141969102792263,9,2,1141969097761481,1141969112030962,1141969098911533,1141969112786952,1141969113379816,1141969128018203,1141969177853364,1141969280795458
2.1-cruise-8,1141970101903508,1141970109855280,10,3,1141970103923509,1141970119293458,1141970115336166,1141970132071272,1141970132779449,1141970147479138,0,0
2.1-cruise-8,1141971108920848,1141971116855953,11,4,1141971111374026,1141971126619392,1141971118825328,1141971134997778,1141971135646893,1141971150868717,0,0
2.1-cruise-8,1141972115900897,1141972123862304,12,1,1141972118597563,1141972133108138,1141972122846783,1141972137725378,1141972138256159,1141972153074494,1141972202256322,1141972305125290
2.1-cruise-8,1141973122887143,1141973130760008,13,2,1141973125265945,1141973140338967,1141973139102613,1141973155903917,1141973156411000,1141973172258033,1141973204869651,1141973324178725
2.1-cruise-8,1141974129755316,1141974137848285,14,3,1141974131967399,1141974146035213,1141974142417869,1141974158212610,1141974158826048,1141974174655372,0,0
2.1-cruise-8,1141975137047552,1141975144887032,15,4,1141975139603854,1141975154071095,1141975146822240,1141975160677606,1141975161256356,1141975177230160,0,0
2.1-cruise-8,1141976143886767,1141976151953851,16,1,1141976145729215,1141976161112445,1141976149445048,1141976164189269,1141976164761248,1141976179916510,1141976212992190,1141976331906785
2.1-cruise-8,1141977150887596,1141977158880878,17,2,1141977153503586,1141977168308171,1141977166303743,1141977182301922,1141977182937130,1141977198460934,1141977231385521,1141977351012303
2.1-cruise-8,1141978157960873,1141978165880353,18,3,1141978160227072,1141978172831239,1141978169617958,1141978185323428,1141978186046605,1141978200905774,0,0
2.1-cruise-8,1141979164767067,1141979172865558,19,4,1141979166979516,1141979182022850,1141979172723683,1141979187834986,1141979188450403,1141979203602957,0,0
2.1-cruise-8,1141980171892012,1141980179863575,20,1,1141980174713574,1141980188927482,1141980176582168,1141980190074097,1141980190596388,1141980205675609,1141980253684728,1141980358994218
2.1-cruise-8,1141981178904768,1141981186849248,21,2,1141981181228050,1141981196580551,1141981192812894,1141981209061542,1141981209639563,1141981225067637,1141981257082068,1141981377172809
2.1-cruise-8,1141982185969816,1141982193849140,22,3,1141982188375285,1141982203200808,1141982196421119,1141982212182423,1141982212999975,1141982227557320,0,0
2.1-cruise-8,1141983193322729,1141983200838876,23,4,1141983196629292,1141983210007470,1141983201657418,1141983214256325,1141983214846013,1141983230086170,0,0
2.1-cruise-8,1141984199905590,1141984207850799,24,1,1141984202033246,1141984217111217,1141984202644705,1141984233146427,1141984233655333,1141984249776897,1141984282418775,1141984401445193
2.1-cruise-8,1141985206817409,1141985214728139,25,2,1141985209202565,1141985223926473,1141985219227150,1141985235876266,1141985236402256,1141985251600226,1141985284818458,1141985404204043
2.1-cruise-8,1141986214018395,1141986221851364,26,3,1141986216542301,1141986231748813,1141986223727979,1141986238565116,1141986239245324,1141986254343086,0,0
2.1-cruise-8,1141987220758651,1141987228850110,27,4,1141987222674276,1141987237850684,1141987226541933,1141987241475268,1141987242127091,1141987257410634,0,0
2.1-cruise-8,1141988227925731,1141988235771929,28,1,1141988230290262,1141988245499691,1141988243445836,1141988260064849,1141988260590317,1141988276300788,1141988308508083,1141988428015594
2.1-cruise-8,1141989234970675,1141989242845936,29,2,1141989237328019,1141989250718176,1141989246966457,1141989262524844,1141989263048646,1141989277444481,1141989310868964,1141989431198663
2.1-cruise-8,1141990241790931,1141990249725776,30,3,1141990243863588,1141990259213277,1141990249993120,1141990264891663,1141990265512600,1141990280813644,0,0
2.1-cruise-8,1141991248946917,1141991256835460,31,4,1141991252067594,1141991266090200,1141991253542855,1141991267854627,1141991268468482,1141991283264785,0,0
2.1-cruise-8,1141992255904413,1141992263864414,32,1,1141992258072070,1141992273213425,1141992270428217,1141992287090198,1141992287630771,1141992303146970,1141992334808744,1141992455076725
2.1-cruise-8,1141993262919097,1141993270881650,33,2,1141993265795556,1141993280434515,1141993273245660,1141993288713266,1141993289244412,1141993305205351,1141993336190979,1141993457471877
2.1-cruise-8,1141994269739458,1141994277850656,34,3,1141994271794927,1141994286989668,1141994277510552,1141994292368366,1141994293094356,1141994307644722,0,0
2.1-cruise-8,1141995277001589,1141995284930757,35,4,1141995279067527,1141995293873778,1141995280198048,1141995294272268,1141995294920445,1141995310399613,0,0
2.1-cruise-8,1141996283940492,1141996291734034,36,1,1141996286330075,1141996301352316,1141996297163878,1141996313698255,1141996314227422,1141996329896538,1141996362274249,1141996481412543
2.1-cruise-8,1141997290802154,1141997298866114,37,2,1141997293159134,1141997308490177,1141997300744030,1141997315787938,1141997316352209,1141997331570961,1141997364694037,1141997483462851
2.1-cruise-8,1141998297911526,1141998305971318,38,3,1141998300439026,1141998315029079,1141998303906474,1141998318581684,1141998319283090,1141998334496008,0,0
2.1-cruise-8,1141999304918970,1141999312902356,39,4,1141999307054699,1141999321907200,1141999307296782,1141999337245900,1141999337915379,1141999353761839,0,0
2.1-cruise-8,1142000311899487,1142000319719383,40,1,1142000313833445,1142000328144853,1142000324117925,1142000340308187,1142000340829385,1142000356219543,1142000389089703,1142000507866433
2.1-cruise-8,1142001319886358,1142001326924119,41,2,1142001322018025,1142001336429797,1142001327778442,1142001342547766,1142001343101725,1142001357241622,1142001389937354,1142001509579970
2.1-cruise-8,1142002325937604,1142002333854532,42,3,1142002328530625,1142002343346304,1142002330951875,1142002346036512,1142002346699533,1142002360427191,0,0
2.1-cruise-8,1142003332951663,1142003340750049,43,4,1142003335117913,1142003350696768,1142003347864060,1142003364369739,1142003365009426,1142003380031823,0,0
2.1-cruise-8,1142004339738065,1142004347856816,44,1,1142004342099419,1142004354800046,1142004350874264,1142004366548588,1142004367065516,1142004383256090,1142004415440781,1142004534573449
2.1-cruise-8,1142005346773113,1142005354865874,45,2,1142005349463738,1142005363887386,1142005353633114,1142005368357907,1142005368876709,1142005384437596,1142005415994683,1142005536338861
2.1-cruise-8,1142006353922224,1142006361842068,46,3,1142006356760245,1142006370937746,1142006357643735,1142006371999986,1142006372750090,1142006386970300,0,0
2.1-cruise-8,1142007360901908,1142007368860815,47,4,1142007362955033,1142007378277691,1142007374508836,1142007391208265,1142007391828786,1142007406541964,0,0
2.1-fast-8,1142408750880904,1142408758935436,0,1,1142408757296842,1142408772847208,1142408762819603,1142408777176896,1142408777822625,1142408792078512,1142408840733986,1142408942279152
2.1-fast-8,1142409757876473,1142409765679078,1,2,1142409760643400,1142409775021943,1142409764064807,1142409778830850,1142409779414913,1142409794852518,1142409826698667,1142409945649096
2.1-fast-8,1142410764686782,1142410772663762,2,3,1142410766720792,1142410782060325,1142410780550898,1142410796952774,1142410797617618,1142410813171682,0,0
2.1-fast-8,1142411771838236,1142411779828706,3,4,1142411780226779,1142411786661467,1142411784202248,1142411800069749,1142411800693291,1142411816701886,0,0
2.1-fast-8,1142412778869795,1142412786779535,4,1,1142412783868024,1142412798848338,1142412786924691,1142412802142557,1142412802759380,1142412818904434,1142412850442875,1142412970517991
2.1-fast-8,1142413785695207,1142413793784062,5,2,1142413788528802,1142413803668647,1142413790541041,1142413805084741,1142413805639376,1142413820499169,1142413868954122,1142413971873247
2.1-fast-8,1142414792667183,1142414800783225,6,3,1142414794954318,1142414810086299,1142414806407653,1142414822951040,1142414823565884,1142414839183333,0,0
2.1-fast-8,1142415800079366,1142415807714524,7,4,1142415802705304,1142415817406139,1142415811051920,1142415825307702,1142415826021296,1142415841153746,0,0
2.1-fast-8,1142416806836498,1142416814936447,8,1,1142416808897436,1142416823920823,1142416813109415,1142416828316656,1142416828890875,1142416844236971,1142416891809944,1142416995414486
2.1-fast-8,1142417813829723,1142417821796026,9,2,1142417816238213,1142417830909204,1142417816339515,1142417831400298,1142417832026131,1142417846243268,1142417893897492,1142417997993648
2.1-fast-8,1142418820695553,1142418828786074,10,3,1142418822737376,1142418838108523,1142418833472377,1142418849549358,1142418850175452,1142418865063630,0,0
2.1-fast-8,1142419827736799,1142419835785029,11,4,1142419830392737,1142419845392374,1142419837526019,1142419852054145,1142419852689145,1142419869064511,0,0
2.1-fast-8,1142420834837681,1142420842784869,12,1,1142420837523670,1142420852049401,1142420840281796,1142420854318307,1142420854804974,1142420870886799,1142420918500293,1142421022096866
2.1-fast-8,1142421841680073,1142421849676480,13,2,1142421844047677,1142421859165595,1142421856542053,1142421873364347,1142421873884503,1142421888469661,1142421921446851,1142422041078894
2.1-fast-8,1142422848831787,1142422856792049,14,3,1142422850956371,1142422864447101,1142422860437309,1142422875599446,1142422876263821,1142422891152625,0,0
2.1-fast-8,1142423855710742,1142423863788139,15,4,1142423858483451,1142423873538765,1142423862925326,1142423878571838,1142423879258869,1142423894228037,0,0
2.1-fast-8,1142424862677717,1142424870786781,16,1,1142424865415009,1142424880281261,1142424866108655,1142424881322563,1142424881963709,1142424898425794,1142424929038245,1142425048389507
2.1-fast-8,1142425869844693,1142425877895370,17,2,1142425872616984,1142425887061830,1142425884299954,1142425900691987,1142425901226258,1142425916508135,1142425948655950,1142426068035441
2.1-fast-8,1142426876832918,1142426884783387,18,3,1142426879285731,1142426894279013,1142426888650002,1142426903215889,1142426903838077,1142426918936099,0,0
2.1-fast-8,1142427883853852,1142427891790988,19,4,1142427886398331,1142427901431562,1142427891177811,1142427906630260,1142427907277812,1142427922137449,0,0
2.1-fast-8,1142428890891452,1142428898861921,20,1,1142428893655515,1142428908158068,1142428893996296,1142428908918120,1142428909613485,1142428924073643,1142428972056460,1142429075468554
2.1-fast-8,1142429897756292,1142429905850303,21,2,1142429899736657,1142429915327700,1142429910982751,1142429927576763,1142429928148795,1142429943302807,1142429974851664,1142430095345843
2.1-fast-8,1142430904875090,1142430912731341,22,3,1142430907225299,1142430922155873,1142430914585560,1142430929586134,1142430930191186,1142430945581084,0,0
2.1-fast-8,1142431911858472,1142431919872795,23,4,1142431913926076,1142431929012171,1142431917570399,1142431933104411,1142431933776911,1142431948681809,0,0
2.1-fast-8,1142432918899718,1142432926698625,24,1,1142432922485916,1142432936260709,1142432934856907,1142432951148158,1142432951659148,1142432967361181,1142432998656288,1142433118919217
2.1-fast-8,1142433925707735,1142433933793985,25,2,1142433928260912,1142433942331695,1142433937698309,1142433953982269,1142433954496592,1142433968681489,1142434001735190,1142434121514890
2.1-fast-8,1142434932901064,1142434940968357,26,3,1142434935053616,1142434950379503,1142434940598669,1142434956445806,1142434957065077,1142434971997370,0,0
2.1-fast-8,1142435939830071,1142435947679499,27,4,1142435942368196,1142435957096166,1142435944831217,1142435958779500,1142435959443823,1142435975068668,0,0
2.1-fast-8,1142436946834650,1142436954803141,28,1,1142436949581942,1142436964193819,1142436961631370,1142436978400695,1142436978938299,1142436994557467,1142437027096794,1142437145614930
2.1-fast-8,1142437953927303,1142437961786105,29,2,1142437956253449,1142437968807825,1142437965625898,1142437981184597,1142437981739597,1142437996677619,1142438029492362,1142438145075082
2.1-fast-8,1142438960855788,1142438968787768,30,3,1142438962929486,1142438978326311,1142438968236049,1142438983635947,1142438984292353,1142438998702928,0,0
2.1-fast-8,1142439968169847,1142439975786098,31,4,1142439971197191,1142439984841828,1142439971753441,1142439986002401,1142439986642818,1142440001137767,0,0
2.1-fast-8,1142440974862551,1142440982813229,32,1,1142440977160312,1142440992177293,1142440988421251,1142441004785367,1142441005306357,1142441020753441,1142441052911518,1142441173633665
2.1-fast-8,1142441981677912,1142441989780882,33,2,1142441983923798,1142441999062393,1142441991794163,1142442006497029,1142442006984581,1142442023761771,1142442055016722,1142442175095900
2.1-fast-8,1142442988836502,1142442996666920,34,3,1142442991091346,1142443006078066,1142442994910669,1142443009594733,1142443010209577,1142443024863381,0,0
2.1-fast-8,1142443995824519,1142444003834676,35,4,1142443997950873,1142444013185250,1142444011336760,1142444028040981,1142444028652231,1142444044075461,0,0
2.1-fast-8,1142445002868682,1142445010835766,36,1,1142445004991963,1142445019741965,1142445014711443,1142445030894206,1142445031463008,1142445046920613,1142445077914731,1142445199249326
2.1-fast-8,1142446009855709,1142446017670866,37,2,1142446012204824,1142446027415034,1142446018369148,1142446033332378,1142446033821649,1142446049200401,1142446082123008,1142446201423645
2.1-fast-8,1142447016830549,1142447024790133,38,3,1142447020244508,1142447034080603,1142447021788154,1142447035801176,1142447036429718,1142447051147792,0,0
2.1-fast-8,1142448023839712,1142448031689140,39,4,1142448025984243,1142448041163880,1142448038957318,1142448055297736,1142448055963309,1142448070694508,0,0
2.1-fast-8,1142449031038302,1142449038795490,40,1,1142449033163198,1142449046406585,1142449042378876,1142449058389971,1142449058917367,1142449075612525,1142449106744924,1142449225610092
2.1-fast-8,1142450037729183,1142450045856736,41,2,1142450040291892,1142450055216425,1142450045139445,1142450060590123,1142450061176530,1142450075678093,1142450108774711,1142450228030192
2.1-fast-8,1142451044838711,1142451052822618,42,3,1142451048212045,1142451062177254,1142451048659649,1142451064090848,1142451064749390,1142451078549860,0,0
2.1-fast-8,1142452051880270,1142452059786781,43,4,1142452054224436,1142452069191625,1142452065613552,1142452082149856,1142452082868189,1142452097950066,0,0
2.1-fast-8,1142453058841516,1142453066779173,44,1,1142453061316828,1142453076232038,1142453068758808,1142453083785945,1142453084279904,1142453100621728,1142453131939231,1142453252702056
2.1-fast-8,1142454065904428,1142454073799586,45,2,1142454067938595,1142454083603649,1142454072227190,1142454086955003,1142454087495576,1142454102940422,1142454135005581,1142454255295124
2.1-fast-8,1142455072982237,1142455080765623,46,3,1142455075735675,1142455090040572,1142455090373176,1142455090489895,1142455091317343,1142455104784584,0,0
2.1-fast-8,1142456079678223,1142456087783432,47,4,1142456081874369,1142456097155777,1142456092879526,1142456109525517,1142456110153695,1142456125018279,0,0
2.2-performance-cruise-120,1142152665758831,1142152673620706,0,1,1142152668716643,1142152690831489,1142152671148258,1142152702919876,1142152738051025,1142152752750037,1142152784427540,1142152902953490
2.2-performance-cruise-120,1142153672762160,1142153680631067,1,2,1142153675298254,1142153693386381,1142153688576693,1142153705308882,1142153757093158,1142153771378784,1142153804962746,1142153922977706
2.2-performance-cruise-120,1142154679881531,1142154687750803,2,3,1142154682921479,1142154696184449,1142154691874084,1142154708183878,1142154758625706,1142154773044040,0,0
2.2-performance-cruise-120,1142155686740173,1142155694746164,3,4,1142155689259028,1142155715148145,1142155694568507,1142155727302104,1142155760672524,1142155777349140,0,0
2.2-performance-cruise-120,1142156693773294,1142156701627774,4,1,1142156695931576,1142156717317411,1142156697921888,1142156729356996,1142156779303928,1142156795536169,1142156827596276,1142156945758632
2.2-performance-cruise-120,1142157700811936,1142157708746625,5,2,1142157703356728,1142157720325376,1142157714200219,1142157730467252,1142157781174705,1142157796308873,1142157828782522,1142157948427690
2.2-performance-cruise-120,1142158707667037,1142158715738756,6,3,1142158710863183,1142158723041465,1142158717625371,1142158733431675,1142158784111732,1142158798815275,0,0
2.2-performance-cruise-120,1142159715056147,1142159722820315,7,4,1142159719327085,1142159741951931,1142159724682294,1142159752358807,1142159786390634,1142159801592927,0,0
2.2-performance-cruise-120,1142160722105727,1142160729621926,8,1,1142160724545623,1142160744604635,1142160738339791,1142160755487084,1142160806119694,1142160821210789,1142160853438500,1142160972085231
2.2-performance-cruise-120,1142161728798692,1142161736626870,9,2,1142161731606400,1142161747171037,1142161741103172,1142161758592184,1142161808529533,1142161823286670,1142161855270527,1142161975969706
2.2-performance-cruise-120,1142162735782438,1142162743738584,10,3,1142162739413167,1142162766237545,1142162746826345,1142162776810879,1142162811934477,1142162826275728,0,0
2.2-performance-cruise-120,1142163742819934,1142163750737487,11,4,1142163747191809,1142163768548478,1142163748220247,1142163779670511,1142163814161868,1142163829503849,0,0
2.2-performance-cruise-120,1142164749786024,1142164757744358,12,1,1142164753456910,1142164771251286,1142164765287328,1142164782110975,1142164833131084,1142164848242648,1142164881289110,1142164999370320
2.2-performance-cruise-120,1142165756649353,1142165764727948,13,2,1142165759758156,1142165773595970,1142165768523417,1142165784728158,1142165835319882,1142165849881133,1142165883387335,1142166001463544
2.2-performance-cruise-120,1142166763642266,1142166771737632,14,3,1142166766105860,1142166792689561,1142166771131746,1142166803582739,1142166837830399,1142166852856285,0,0
2.2-performance-cruise-120,1142167770688721,1142167778624086,15,4,1142167776809971,1142167795327890,1142167779892315,1142167805753203,1142167857082323,1142167871780554,0,0
2.2-performance-cruise-120,1142168777809394,1142168785684707,16,1,1142168780021686,1142168798038094,1142168791656947,1142168807929605,1142168858715079,1142168873646903,1142168907006907,1142169026073012
2.2-performance-cruise-120,1142169784688400,1142169792749964,17,2,1142169787669286,1142169800161787,1142169793237985,1142169809712465,1142169861364606,1142169876091430,1142169909507267,1142170027058789
2.2-performance-cruise-120,1142170791687407,1142170799618293,18,3,1142170794728709,1142170819510535,1142170798302408,1142170829338400,1142170863742623,1142170878745280,0,0
2.2-performance-cruise-120,1142171798801622,1142171806631154,19,4,1142171801200008,1142171822352770,1142171815963863,1142171832323500,1142171883447724,1142171898313559,0,0
2.2-performance-cruise-120,1142172805908493,1142172813795942,20,1,1142172808902556,1142172824719485,1142172818117557,1142172834996725,1142172885451626,1142172900696055,1142172931712516,1142173051208361
2.2-performance-cruise-120,1142173812787552,1142173820746563,21,2,1142173817159844,1142173827184168,1142173821486042,1142173837321877,1142173888530216,1142173903611571,1142173936134439,1142174054963305
2.2-performance-cruise-120,1142174819635777,1142174827746038,22,3,1142174823868850,1142174846434686,1142174827764372,1142174856850677,1142174890775107,1142174905864431,0,0
2.2-performance-cruise-120,1142175826655929,1142175834733378,23,4,1142175829455461,1142175848574421,1142175843299525,1142175859726558,1142175910251042,1142175925453700,0,0
2.2-performance-cruise-120,1142176833804936,1142176841748687,24,1,1142176837189259,1142176851631709,1142176847100719,1142176862218949,1142176912788486,1142176927411247,1142176960328074,1142177079903242
2.2-performance-cruise-120,1142177840802797,1142177848866339,25,2,1142177844189724,1142177870456289,1142177848759256,1142177882125197,1142177914967752,1142177929289993,1142177963291090,1142178080350894
2.2-performance-cruise-120,1142178847896387,1142178855850710,26,3,1142178852266387,1142178873127379,1142178856444356,1142178883632276,1142178917688269,1142178932940770,0,0
2.2-performance-cruise-120,1142179854790914,1142179862772998,27,4,1142179857833310,1142179875464302,1142179869254613,1142179886036959,1142179937360974,1142179952445195,0,0
2.2-performance-cruise-120,1142180861654556,1142180869740130,28,1,1142180864459817,1142180878022839,1142180872685911,1142180888526434,1142180939541491,1142180955012951,1142180986843058,1142181106687341
2.2-performance-cruise-120,1142181868943094,1142181876730803,29,2,1142181871763407,1142181897151951,1142181875632886,1142181907423879,1142181941615393,1142181956554196,1142181989455189,1142182105480670
2.2-performance-cruise-120,1142182875817413,1142182883738455,30,3,1142182879603767,1142182899862051,1142182893592936,1142182910057521,1142182960970338,1142182976178829,0,0
2.2-performance-cruise-120,1142183882793711,1142183890693452,31,4,1142183886428972,1142183902194130,1142183896223348,1142183912236370,1142183963220803,1142183978562575,0,0
2.2-performance-cruise-120,1142184889779020,1142184897735791,32,1,1142184894234437,1142184904614282,1142184900080479,1142184915049856,1142184966079288,1142184981043612,1142185013860386,1142185132785971
2.2-performance-cruise-120,1142185896809276,1142185904739850,33,2,1142185900048443,1142185923712925,1142185905500892,1142185934522926,1142185968278190,1142185983491941,1142186015711215,1142186134522581
2.2-performance-cruise-120,1142186903986825,1142186911735263,34,3,1142186907322554,1142186926706306,1142186920339222,1142186936793182,1142186988031468,1142187002886157,0,0
2.2-performance-cruise-120,1142187910772185,1142187918735832,35,4,1142187913470102,1142187928974010,1142187923163437,1142187939775365,1142187989893027,1142188005278705,0,0
2.2-performance-cruise-120,1142188917908796,1142188925743172,36,1,1142188922575307,1142188948098591,1142188927733693,1142188958119790,1142188992736251,1142189007590732,1142189040514225,1142189159478299
2.2-performance-cruise-120,1142189924634209,1142189932965251,37,2,1142189926945303,1142189950674003,1142189929619730,1142189960875098,1142189994699164,1142190009755363,1142190042685835,1142190160614337
2.2-performance-cruise-120,1142190931639882,1142190939747643,38,3,1142190934102070,1142190953349676,1142190947209571,1142190963816083,1142191014098744,1142191029585256,0,0
2.2-performance-cruise-120,1142191938796701,1142191946615869,39,4,1142191941197274,1142191955637536,1142191950402223,1142191966189829,1142192016554730,1142192031595721,0,0
2.2-performance-cruise-120,1142192945668156,1142192953804302,40,1,1142192948965187,1142192974666440,1142192952992063,1142192985159618,1142193019366080,1142193033600821,1142193067058897,1142193184014586
2.2-performance-cruise-120,1142193952844818,1142193960733986,41,2,1142193956311486,1142193977515758,1142193970901174,1142193987969978,1142194038125139,1142194052938474,1142194086014988,1142194203628750
2.2-performance-cruise-120,1142194960584398,1142194967735493,42,3,1142194965194555,1142194979794973,1142194973122681,1142194990113047,1142195040703312,1142195055973001,0,0
2.2-performance-cruise-120,1142195966634030,1142195974736999,43,4,1142195969332571,1142195982533927,1142195976229239,1142195992248720,1142196043170235,1142196058248309,0,0
2.2-performance-cruise-120,1142196975502463,1142196981720954,44,1,1142196979077307,1142197001681060,1142196985436891,1142197011264238,1142197045400543,1142197060962420,1142197093287215,1142197211583112
2.2-performance-cruise-120,1142197980825220,1142197988613450,45,2,1142197983244803,1142198004113087,1142197998169024,1142198014515692,1142198064980489,1142198080195230,1142198112597004,1142198232222589
2.2-performance-cruise-120,1142198987801258,1142198995735477,46,3,1142198990307664,1142199006917874,1142199000695426,1142199017080740,1142199067455328,1142199083113142,0,0
2.2-performance-cruise-120,1142199994847764,1142200002833182,47,4,1142199997897244,1142200025545736,1142200003970994,1142200036229852,1142200069707720,1142200085713242,0,0
2.2-performance-cruise-8,1141831694126595,1141831701866232,0,1,1141831696388419,1141831711551389,1141831705213315,1141831719914306,1141831720612171,1141831735466808,1141831784015823,1141831887564010
2.2-performance-cruise-8,1141832700954092,1141832708891280,1,2,1141832703471071,1141832718144614,1141832707546384,1141832722458469,1141832723050917,1141832737767845,1141832787443788,1141832889327235
2.2-performance-cruise-8,1141833708025806,1141833715893047,2,3,1141833710340442,1141833724940652,1141833725111121,1141833725235391,1141833726166850,1141833740586226,0,0
2.2-performance-cruise-8,1141834714930334,1141834722959658,3,4,1141834717561376,1141834732167315,1141834727750387,1141834743972993,1141834744587108,1141834760097317,0,0
2.2-performance-cruise-8,1141835721954028,1141835729885904,4,1,1141835724288559,1141835739119655,1141835730448768,1141835746726166,1141835747256947,1141835762591636,1141835794105025,1141835913849724
2.2-performance-cruise-8,1141836728792722,1141836736873191,5,2,1141836730725274,1141836746088036,1141836733802150,1141836747763401,1141836748311474,1141836763085798,1141836812316376,1141836915947064
2.2-performance-cruise-8,1141837735969020,1141837743906052,6,3,1141837739396000,1141837753648345,1141837740128187,1141837766550273,1141837767127721,1141837782930483,0,0
2.2-performance-cruise-8,1141838742946152,1141838750883028,7,4,1141838745254225,1141838759273237,1141838753709955,1141838768983498,1141838769564696,1141838785585375,0,0
2.2-performance-cruise-8,1141839749985627,1141839757839013,8,1,1141839752160784,1141839767552035,1141839757504378,1141839772200056,1141839772823754,1141839787151725,1141839836352667,1141839939791583
2.2-performance-cruise-8,1141840756936040,1141840764911457,9,2,1141840759786769,1141840774322656,1141840760350676,1141840775039167,1141840775648958,1141840789872449,1141840838930631,1141840944171215
2.2-performance-cruise-8,1141841763929265,1141841772037235,10,3,1141841766515724,1141841781218486,1141841777440985,1141841793388799,1141841793985674,1141841809294374,0,0
2.2-performance-cruise-8,1141842770786136,1141842778877387,11,4,1141842773183428,1141842785709627,1141842779724523,1141842795583483,1141842796187128,1141842811224317,0,0
2.2-performance-cruise-8,1141843778194674,1141843785954310,12,1,1141843780940508,1141843795347645,1141843784075456,1141843798927280,1141843799519520,1141843813968636,1141843864083901,1141843966336151
2.2-performance-cruise-8,1141844784983108,1141844793024932,13,2,1141844787848369,1141844802180089,1141844801070557,1141844817923788,1141844818451601,1141844833382227,1141844866636449,1141844987413597
2.2-performance-cruise-8,1141845791964302,1141845799941542,14,3,1141845794276490,1141845809692012,1141845804022793,1141845819987638,1141845820583471,1141845835948213,0,0
2.2-performance-cruise-8,1141846798977892,1141846806835445,15,4,1141846801632527,1141846816237998,1141846806632528,1141846822543467,1141846823124821,1141846838725292,0,0
2.2-performance-cruise-8,1141847806262107,1141847813862472,16,1,1141847809774555,1141847823300910,1141847813665337,1141847826099869,1141847826630963,1141847841322423,1141847889550761,1141847993037490
2.2-performance-cruise-8,1141848812772259,1141848820831114,17,2,1141848814782520,1141848830162677,1141848828110854,1141848844023460,1141848844571116,1141848859759243,1141848892155288,1141849012063789
2.2-performance-cruise-8,1141849819916995,1141849827765641,18,3,1141849822272724,1141849836442257,1141849830722256,1141849846846841,1141849847456998,1141849862785645,0,0
2.2-performance-cruise-8,1141850827434908,1141850834966627,19,4,1141850829866783,1141850844503034,1141850834957617,1141850849651472,1141850850232722,1141850865145849,0,0
2.2-performance-cruise-8,1141851833952039,1141851841981155,20,1,1141851835985164,1141851851094333,1141851838328133,1141851852259176,1141851852891208,1141851867829022,1141851916579756,1141852019674297
2.2-performance-cruise-8,1141852840923390,1141852848892140,21,2,1141852843195629,1141852858568912,1141852854422714,1141852870952247,1141852871465736,1141852886111988,1141852918959543,1141853037757472
2.2-performance-cruise-8,1141853847807917,1141853856037553,22,3,1141853849979740,1141853863181096,1141853857610157,1141853873467347,1141853874094847,1141853889132713,0,0
2.2-performance-cruise-8,1141854854955986,1141854862755987,23,4,1141854856957132,1141854872155467,1141854860818747,1141854876286874,1141854876874113,1141854891680104,0,0
2.2-performance-cruise-8,1141855861931190,1141855869878066,24,1,1141855864314316,1141855879195151,1141855878550567,1141855895271506,1141855895800256,1141855910919060,1141855943643126,1141856063113190
2.2-performance-cruise-8,1141856868920770,1141856876874781,25,2,1141856870913270,1141856886284105,1141856881387802,1141856897832439,1141856898391762,1141856913132389,1141856946466455,1141857065558290
2.2-performance-cruise-8,1141857876078735,1141857883870975,26,3,1141857878288214,1141857893480091,1141857883986027,1141857899763529,1141857900335769,1141857915762072,0,0
2.2-performance-cruise-8,1141858883268939,1141858890896596,27,4,1141858885210242,1141858900635608,1141858888892273,1141858903968629,1141858904565764,1141858919402433,0,0
2.2-performance-cruise-8,1141859889782529,1141859897771853,28,1,1141859891854456,1141859907064614,1141859906328989,1141859922195710,1141859922777428,1141859938053055,1141859969641443,1141860089439685
2.2-performance-cruise-8,1141860896895859,1141860904888932,29,2,1141860898690703,1141860914135912,1141860907608516,1141860924496122,1141860925074820,1141860939896853,1141860972058262,1141861092263899
2.2-performance-cruise-8,1141861903988824,1141861911878043,30,3,1141861906268772,1141861921590700,1141861911659970,1141861926725909,1141861927287732,1141861942357890,0,0
2.2-performance-cruise-8,1141862910782153,1141862918887466,31,4,1141862913023664,1141862928340540,1141862916210643,1141862930429759,1141862931028613,1141862945272157,0,0
2.2-performance-cruise-8,1141863917786472,1141863925987619,32,1,1141863919834233,1141863935202932,1141863932531369,1141863948586423,1141863949103507,1141863964307518,1141863997457157,1141864116516284
2.2-performance-cruise-8,1141864924935791,1141864932828396,33,2,1141864927170219,1141864940660637,1141864935542876,1141864950986471,1141864951502877,1141864966177774,1141864999403872,1141865118768154
2.2-performance-cruise-8,1141865931949433,1141865939764746,34,3,1141865934980267,1141865949356779,1141865938300059,1141865953632040,1141865954207821,1141865969222354,0,0
2.2-performance-cruise-8,1141866938933023,1141866946874430,35,4,1141866941550315,1141866956226306,1141866942098284,1141866956464275,1141866957096514,1141866972097297,0,0
2.2-performance-cruise-8,1141867946001353,1141867953770676,36,1,1141867948623957,1141867963573750,1141867958574896,1141867975090001,1141867975634897,1141867990983024,1141868022839850,1141868142814706
2.2-performance-cruise-8,1141868952940099,1141868960881193,37,2,1141868954934005,1141868967337861,1141868960919318,1141868977152549,1141868977707653,1141868992580624,1141869025703596,1141869144457826
2.2-performance-cruise-8,1141869959939366,1141869967879523,38,3,1141869961842022,1141869977015461,1141869964987543,1141869979921399,1141869980528118,1141869994872338,0,0
2.2-performance-cruise-8,1141870966912383,1141870974916394,39,4,1141870968817487,1141870984099936,1141870983217072,1141870998776761,1141870999473219,1141871014645356,0,0
2.2-performance-cruise-8,1141871973933577,1141871981892432,40,1,1141871976150035,1141871991260714,1141871985426130,1141872001350246,1141872001877590,1141872017564206,1141872049621136,1141872169392607
2.2-performance-cruise-8,1141872980973990,1141872988882636,41,2,1141872983235084,1141872998599773,1141872988141022,1141873003798679,1141873004287117,1141873019091181,1141873053063632,1141873172102290
2.2-performance-cruise-8,1141873987937215,1141873995875393,42,3,1141873990876174,1141874005018883,1141873992947059,1141874007014040,1141874007607425,1141874022317062,0,0
2.2-performance-cruise-8,1141874994770076,1141875002793097,43,4,1141874996599138,1141875012250754,1141875009781431,1141875025640860,1141875026306537,1141875042146226,0,0
2.2-performance-cruise-8,1141876001927728,1141876009888354,44,1,1141876004397885,1141876018463980,1141876012734135,1141876028480179,1141876028995908,1141876044528461,1141876077456277,1141876196589727
2.2-performance-cruise-8,1141877008970016,1141877016925694,45,2,1141877011308245,1141877026299184,1141877015786475,1141877030642310,1141877031137831,1141877046685280,1141877079008044,1141877198584722
2.2-performance-cruise-8,1141878015775845,1141878023874804,46,3,1141878018170273,1141878033298139,1141878019360794,1141878033694441,1141878034373712,1141878048957359,0,0
2.2-performance-cruise-8,1141879022803758,1141879030911467,47,4,1141879024801831,1141879040325895,1141879036365426,1141879053023709,1141879053615845,1141879068260950,0,0
2.2-performance-fast-8,1142472732067538,1142472739831705,0,1,1142472734620247,1142472748839519,1142472737019361,1142472751853373,1142472752393269,1142472767391656,1142472816363119,1142472917994588
2.2-performance-fast-8,1142473738744097,1142473746874045,1,2,1142473740610659,1142473756192900,1142473754374098,1142473770878319,1142473771423371,1142473785990403,1142473819010355,1142473938253752
2.2-performance-fast-8,1142474746032374,1142474753843052,2,3,1142474748289666,1142474763184511,1142474757821229,1142474772589981,1142474773213887,1142474788005347,0,0
2.2-performance-fast-8,1142475752750026,1142475760840131,3,4,1142475755433933,1142475770064976,1142475759324090,1142475774651747,1142475775253154,1142475791010707,0,0
2.2-performance-fast-8,1142476759738043,1142476767901638,4,1,1142476761807106,1142476777175441,1142476762001273,1142476793854557,1142476794383724,1142476810038830,1142476841755343,1142476960653949
2.2-performance-fast-8,1142477766872727,1142477774841790,5,2,1142477769240436,1142477784387208,1142477779329082,1142477795459969,1142477796038824,1142477811000700,1142477844431693,1142477963370195
2.2-performance-fast-8,1142478773935432,1142478781712255,6,3,1142478776375119,1142478791234704,1142478782527672,1142478797666736,1142478798234705,1142478813744185,0,0
2.2-performance-fast-8,1142479780926990,1142479788834751,7,4,1142479784261261,1142479798220690,1142479786355168,1142479800917617,1142479801547044,1142479816858660,0,0
2.2-performance-fast-8,1142480787764434,1142480795850998,8,1,1142480789952976,1142480804770738,1142480803098238,1142480820000687,1142480820498031,1142480836767147,1142480868790171,1142480987804819
2.2-performance-fast-8,1142481794904587,1142481802714796,9,2,1142481797115316,1142481811267922,1142481806345629,1142481821896100,1142481822416048,1142481838215528,1142481870878448,1142481990691637
2.2-performance-fast-8,1142482801976458,1142482809853698,10,3,1142482804418646,1142482819536616,1142482808852552,1142482824984116,1142482825557918,1142482840114535,0,0
2.2-performance-fast-8,1142483808898225,1142483816844684,11,4,1142483811099371,1142483826178591,1142483813855829,1142483828269425,1142483828876248,1142483843489322,0,0
2.2-performance-fast-8,1142484815895044,1142484823964993,12,1,1142484818171346,1142484833580827,1142484829715462,1142484846084005,1142484846603589,1142484861973173,1142484894089791,1142485013939126
2.2-performance-fast-8,1142485822751446,1142485830845457,13,2,1142485824971707,1142485838110458,1142485833195458,1142485848331136,1142485848842803,1142485864029419,1142485896583901,1142486016093549
2.2-performance-fast-8,1142486829767849,1142486837733995,14,3,1142486833333422,1142486847049257,1142486837753370,1142486851507382,1142486852098788,1142486867092384,0,0
2.2-performance-fast-8,1142487836890918,1142487844836804,15,4,1142487839438835,1142487853994513,1142487839800553,1142487870034879,1142487870599515,1142487886806027,0,0
2.2-performance-fast-8,1142488843933206,1142488851851956,16,1,1142488846594508,1142488861236124,1142488856503519,1142488873620500,1142488874167740,1142488889150970,1142488921595974,1142489040998277
2.2-performance-fast-8,1142489850976483,1142489858839973,17,2,1142489853651431,1142489868525912,1142489860261796,1142489876036590,1142489876557892,1142489891500445,1142489924091751,1142490043193429
2.2-performance-fast-8,1142490857898667,1142490865918355,18,3,1142490860639656,1142490875044189,1142490863493980,1142490878433096,1142490879029137,1142490893580910,0,0
2.2-performance-fast-8,1142491864886527,1142491872932934,19,4,1142491867237934,1142491882221060,1142491880810800,1142491897418770,1142491898047468,1142491913484970,0,0
2.2-performance-fast-8,1142492871898451,1142492879840326,20,1,1142492874425795,1142492888971786,1142492883896473,1142492899835432,1142492900363037,1142492915203351,1142492948043094,1142493067399720
2.2-performance-fast-8,1142493878797092,1142493886837979,21,2,1142493881125322,1142493896672146,1142493887050375,1142493902668501,1142493903242303,1142493917029128,1142493950675381,1142494070147632
2.2-performance-fast-8,1142494885906412,1142494893838704,22,3,1142494888597714,1142494903328028,1142494890549954,1142494905651257,1142494906338497,1142494920545842,0,0
2.2-performance-fast-8,1142495892858231,1142495900876461,23,4,1142495895363439,1142495910619587,1142495907850003,1142495924033130,1142495924619484,1142495940658340,0,0
2.2-performance-fast-8,1142496899885727,1142496907903905,24,1,1142496902091873,1142496915937655,1142496911483905,1142496926436823,1142496926943959,1142496942616200,1142496974873234,1142497093937361
2.2-performance-fast-8,1142497906777806,1142497914715463,25,2,1142497909437598,1142497924239839,1142497913515047,1142497928746611,1142497929473017,1142497943981091,1142497993002867,1142498096456575
2.2-performance-fast-8,1142498913920563,1142498921874887,26,3,1142498916855928,1142498931034679,1142498917144574,1142498931118637,1142498931879263,1142498946948379,0,0
2.2-performance-fast-8,1142499920892903,1142499928846029,27,4,1142499923183736,1142499938365040,1142499934305821,1142499950428010,1142499951012697,1142499967211084,0,0
2.2-performance-fast-8,1142500927891649,1142500935832587,28,1,1142500930221910,1142500945269463,1142500936657431,1142500952615610,1142500953125401,1142500969250038,1142501000367906,1142501120774897
2.2-performance-fast-8,1142501934899041,1142501942730344,29,2,1142501937208104,1142501951948418,1142501940964771,1142501956111960,1142501956634668,1142501971799357,1142502020742487,1142502123349320
2.2-performance-fast-8,1142502941905495,1142502949837840,30,3,1142502944696694,1142502959027893,1142502958476330,1142502974932582,1142502975543728,1142502990550500,0,0
2.2-performance-fast-8,1142503948825960,1142503956843201,31,4,1142503950766533,1142503966281535,1142503961094555,1142503977497213,1142503978136744,1142503993045913,0,0
2.2-performance-fast-8,1142504955930540,1142504963885905,32,1,1142504958488457,1142504973615854,1142504963508561,1142504979675803,1142504980183980,1142504995712471,1142505027976901,1142505147263840
2.2-performance-fast-8,1142505963027984,1142505970847203,33,2,1142505965101942,1142505980326423,1142505967904443,1142505982862257,1142505983399653,1142505997307883,1142506046786846,1142506149592898
2.2-performance-fast-8,1142506969727095,1142506978192772,34,3,1142506971774230,1142506987474128,1142506983928138,1142507000458608,1142507001054702,1142507016280537,0,0
2.2-performance-fast-8,1142507976749851,1142507984723602,35,4,1142507979464591,1142507993364019,1142507987202040,1142508003234333,1142508003838395,1142508018873553,0,0
2.2-performance-fast-8,1142508983952295,1142508991726723,36,1,1142508986551202,1142509001600526,1142508991429067,1142509006670995,1142509007188704,1142509021815164,1142509070654648,1142509173800595
2.2-performance-fast-8,1142509990890052,1142509998848542,37,2,1142509993704844,1142510008171720,1142509994710365,1142510024696774,1142510025183232,1142510040719432,1142510073135841,1142510193098978
2.2-performance-fast-8,1142510997745933,1142511006002809,38,3,1142511000278486,1142511015190154,1142511010701195,1142511027082811,1142511027713749,1142511042816354,0,0
2.2-performance-fast-8,1142512004850721,1142512012711139,39,4,1142512007100148,1142512019908431,1142512013849785,1142512029975307,1142512030529942,1142512046750257,0,0
2.2-performance-fast-8,1142513011947696,1142513019851135,40,1,1142513014709207,1142513029026136,1142513019647593,1142513033557959,1142513034070199,1142513049282075,1142513097986247,1142513200195371
2.2-performance-fast-8,1142514018895713,1142514026836391,41,2,1142514021127953,1142514036072330,1142514021554255,1142514036202642,1142514036838944,1142514050853581,1142514100275201,1142514203816982
2.2-performance-fast-8,1142515025963730,1142515033844460,42,3,1142515028193783,1142515043834670,1142515040043471,1142515055986025,1142515056578473,1142515071429152,0,0
2.2-performance-fast-8,1142516032899299,1142516040857842,43,4,1142516035490654,1142516050446541,1142516043806540,1142516058312739,1142516058901385,1142516074666439,0,0
2.2-performance-fast-8,1142517039883462,1142517048009713,44,1,1142517042650858,1142517057426537,1142517045042473,1142517060633204,1142517061147371,1142517076244247,1142517108455709,1142517227867700
2.2-performance-fast-8,1142518046885750,1142518054876897,45,2,1142518049167677,1142518063889606,1142518061727574,1142518078611170,1142518079159972,1142518094291536,1142518127536383,1142518246477280
2.2-performance-fast-8,1142519053887465,1142519061844028,46,3,1142519056248403,1142519071077883,1142519065563195,1142519081465593,1142519082071270,1142519097168198,0,0
2.2-performance-fast-8,1142520060886159,1142520068844702,47,4,1142520064547826,1142520078469025,1142520070034285,1142520084012932,1142520084604964,1142520099786788,0,0
2.2-responsive-cruise-120,1142675195833332,1142675203582031,0,1,1142675197902968,1142675204750521,1142675205071510,1142675205200625,1142675239046982,1142675254867244,1142675285834331,1142675404369238
2.2-responsive-cruise-120,1142676203260151,1142676210587652,1,2,1142676206739683,1142676212211506,1142676209190881,1142676223995987,1142676258014011,1142676272318335,1142676305835474,1142676423460694
2.2-responsive-cruise-120,1142677209477856,1142677217688377,2,3,1142677212005720,1142677219191555,1142677226732441,1142677226838014,1142677261617184,1142677276455675,0,0
2.2-responsive-cruise-120,1142678216612800,1142678224472592,3,4,1142678218955144,1142678226371447,1142678229407488,1142678229511343,1142678263812127,1142678279737702,0,0
2.2-responsive-cruise-120,1142679223636285,1142679231572120,4,1,1142679227156859,1142679232922328,1142679232599932,1142679248503215,1142679266482904,1142679282352333,1142679313339003,1142679431410473
2.2-responsive-cruise-120,1142680230505136,1142680238636959,5,2,1142680232678105,1142680240551335,1142680236047845,1142680250841075,1142680284125922,1142680299330716,1142680332116969,1142680449716981
2.2-responsive-cruise-120,1142681237749142,1142681245489456,6,3,1142681241438049,1142681247236279,1142681253100186,1142681253208102,1142681286981543,1142681302381336,0,0
2.2-responsive-cruise-120,1142682244650128,1142682252607108,7,4,1142682247971326,1142682253814191,1142682255891015,1142682255994348,1142682289405341,1142682305377634,0,0
2.2-responsive-cruise-120,1142683251807051,1142683259465229,8,1,1142683255331010,1142683260904552,1142683261187417,1142683261313927,1142683308402265,1142683322768360,1142683355217687,1142683473345042
2.2-responsive-cruise-120,1142684258672360,1142684266587986,9,2,1142684261317412,1142684268183403,1142684261833350,1142684276867414,1142684311142209,1142684325727471,1142684358718359,1142684476014152
2.2-responsive-cruise-120,1142685265534075,1142685273616471,10,3,1142685268590273,1142685274997670,1142685279651576,1142685279758451,1142685312868923,1142685327414341,0,0
2.2-responsive-cruise-120,1142686272928134,1142686280580738,11,4,1142686278030530,1142686281854072,1142686282917405,1142686283029385,1142686315978346,1142686330843660,0,0
2.2-responsive-cruise-120,1142687279540734,1142687287592766,12,1,1142687282329588,1142687289327245,1142687285404328,1142687300465528,1142687334018968,1142687348835949,1142687382166109,1142687499210339
2.2-responsive-cruise-120,1142688286672709,1142688294640002,13,2,1142688289763751,1142688296604950,1142688303125107,1142688303254950,1142688337221204,1142688351861466,1142688385362302,1142688502055335
2.2-responsive-cruise-120,1142689293641143,1142689301598539,14,3,1142689297022862,1142689302774477,1142689305567498,1142689305670154,1142689339561824,1142689355012191,0,0
2.2-responsive-cruise-120,1142690300653795,1142690308589421,15,4,1142690303609733,1142690309874942,1142690309994213,1142690310138952,1142690359262916,1142690374939167,0,0
2.2-responsive-cruise-120,1142691307500718,1142691315586761,16,1,1142691309750198,1142691317191240,1142691312872959,1142691327970043,1142691361696505,1142691378120673,1142691408966249,1142691526444542
2.2-responsive-cruise-120,1142692314492121,1142692322803059,17,2,1142692318692486,1142692324421913,1142692330162174,1142692330280247,1142692364132386,1142692378926190,1142692411008224,1142692529337976
2.2-responsive-cruise-120,1142693321656909,1142693329470868,18,3,1142693324215867,1142693331071076,1142693333856389,1142693333963629,1142693366771757,1142693381528790,0,0
2.2-responsive-cruise-120,1142694328519717,1142694336463885,19,4,1142694332301541,1142694337845916,1142694336457322,1142694351345397,1142694385445556,1142694400800089,0,0
2.2-responsive-cruise-120,1142695335945443,1142695343596433,20,1,1142695339912370,1142695345160600,1142695342694402,1142695353884819,1142695388320656,1142695403480501,1142695435189411,1142695553278902
2.2-responsive-cruise-120,1142696342509397,1142696350505752,21,2,1142696345523877,1142696352131638,1142696356405805,1142696356508044,1142696390535964,1142696405533778,1142696437799146,1142696555781710
2.2-responsive-cruise-120,1142697349668820,1142697357594863,22,3,1142697353419446,1142697358908769,1142697359882363,1142697359993405,1142697393578356,1142697408108514,0,0
2.2-responsive-cruise-120,1142698356476108,1142698364595901,23,4,1142698360534598,1142698366190432,1142698364477567,1142698378302360,1142698411660332,1142698427339553,0,0
2.2-responsive-cruise-120,1142699363836417,1142699371579595,24,1,1142699366774959,1142699373313918,1142699380835064,1142699380977460,1142699414765849,1142699430173403,1142699462684656,1142699579651855
2.2-responsive-cruise-120,1142700370509902,1142700378592976,25,2,1142700373070059,1142700379991570,1142700383216935,1142700383325060,1142700416887563,1142700431617304,1142700464938401,1142700581827788
2.2-responsive-cruise-120,1142701377673753,1142701385497035,26,3,1142701381066409,1142701386732920,1142701385292712,1142701401712297,1142701436214123,1142701450862771,0,0
2.2-responsive-cruise-120,1142702384503384,1142702392670000,27,4,1142702387100208,1142702394563906,1142702389629166,1142702405144532,1142702438518233,1142702455904798,0,0
2.2-responsive-cruise-120,1142703391710360,1142703399491715,28,1,1142703394871975,1142703401277861,1142703407148434,1142703407255570,1142703440885938,1142703456405002,1142703489096619,1142703606040641
2.2-responsive-cruise-120,1142704398635877,1142704406589575,29,2,1142704401016919,1142704407930721,1142704410476451,1142704410587753,1142704443752652,1142704458747810,1142704491252865,1142704608879596
2.2-responsive-cruise-120,1142705406211446,1142705413594832,30,3,1142705409835665,1142705415017384,1142705416517020,1142705416631968,1142705463347701,1142705477965151,0,0
2.2-responsive-cruise-120,1142706412653994,1142706420591703,31,4,1142706414977015,1142706422159099,1142706416948734,1142706432067538,1142706465855874,1142706481027334,0,0
2.2-responsive-cruise-120,1142707419675761,1142707427759356,32,1,1142707423140813,1142707429481960,1142707433810710,1142707433915294,1142707468017953,1142707482635090,1142707514385927,1142707633122501
2.2-responsive-cruise-120,1142708426665028,1142708434579664,33,2,1142708428939612,1142708436003779,1142708437242946,1142708437344717,1142708470738470,1142708485257898,1142708517912745,1142708635323122
2.2-responsive-cruise-120,1142709433679555,1142709441466952,34,3,1142709437159035,1142709443142265,1142709440373462,1142709455422005,1142709489305655,1142709505003469,0,0
2.2-responsive-cruise-120,1142710440495020,1142710448622313,35,4,1142710443510802,1142710450303980,1142710458520335,1142710458639501,1142710492024296,1142710507073048,0,0
2.2-responsive-cruise-120,1142711447505641,1142711455606163,36,1,1142711450254444,1142711456858715,1142711460372466,1142711460477413,1142711494405386,1142711508941585,1142711541589349,1142711659436392
2.2-responsive-cruise-120,1142712454531158,1142712462597305,37,2,1142712458232357,1142712463890743,1142712463578399,1142712479618505,1142712513468456,1142712529171999,1142712561850388,1142712678568108
2.2-responsive-cruise-120,1142713461647092,1142713469600114,38,3,1142713464132978,1142713471381103,1142713467244905,1142713482273552,1142713516221889,1142713530739338,0,0
2.2-responsive-cruise-120,1142714468720422,1142714476581829,39,4,1142714472371620,1142714478148391,1142714473217245,1142714485119642,1142714518696520,1142714534472095,0,0
2.2-responsive-cruise-120,1142715475632761,1142715483599377,40,1,1142715478399220,1142715485002971,1142715487436617,1142715487545054,1142715521061776,1142715536869799,1142715568498708,1142715686406897
2.2-responsive-cruise-120,1142716482494789,1142716490583071,41,2,1142716486120310,1142716491836508,1142716490961717,1142716505919947,1142716540622972,1142716554891358,1142716588634122,1142716705300228
2.2-responsive-cruise-120,1142717489589264,1142717497795775,42,3,1142717492199316,1142717499352130,1142717497523379,1142717509350047,1142717543157655,1142717557585156,0,0
2.2-responsive-cruise-120,1142718496643948,1142718504738584,43,4,1142718500921969,1142718506528740,1142718511266449,1142718511370772,1142718545262338,1142718560725048,0,0
2.2-responsive-cruise-120,1142719503738944,1142719511587903,44,1,1142719507800559,1142719512995455,1142719513545612,1142719513655195,1142719547937907,1142719562693116,1142719595364891,1142719713088392
2.2-responsive-cruise-120,1142720510960607,1142720518604618,45,2,1142720513734774,1142720520417014,1142720517642482,1142720532891546,1142720567070404,1142720581676864,1142720614290305,1142720732152348
2.2-responsive-cruise-120,1142721517649978,1142721525596906,46,3,1142721519928728,1142721527283468,1142721520963728,1142721535947636,1142721569841077,1142721584698735,0,0
2.2-responsive-cruise-120,1142722524635495,1142722532496381,47,4,1142722527498724,1142722534201329,1142722538131850,1142722538237371,1142722572290448,1142722587531022,0,0
2.2-responsive-cruise-8,1142611092258821,1142611100227624,0,1,1142611095351061,1142611101613770,1142611096777728,1142611112398198,1142611112983042,1142611127957783,1142611176488153,1142611279003371
2.2-responsive-cruise-8,1142612099144755,1142612107649339,1,2,1142612100949026,1142612109335693,1142612114639131,1142612114739913,1142612115234548,1142612129199445,1142612163377834,1142612281696127
2.2-responsive-cruise-8,1142613106108032,1142613114230429,2,3,1142613108331678,1142613115638242,1142613117823502,1142613117937356,1142613118529388,1142613132762827,0,0
2.2-responsive-cruise-8,1142614113304070,1142614121102456,3,4,1142614115510112,1142614122690321,1142614121511883,1142614135466989,1142614136116833,1142614151516313,0,0
2.2-responsive-cruise-8,1142615120250004,1142615128228182,4,1,1142615122848337,1142615129805057,1142615123784067,1142615138815266,1142615139491933,1142615154487768,1142615202495377,1142615304478355
2.2-responsive-cruise-8,1142616127278125,1142616135233438,5,2,1142616129846094,1142616136560365,1142616140247449,1142616140344324,1142616140837345,1142616155978128,1142616188806516,1142616308106424
2.2-responsive-cruise-8,1142617134274892,1142617142212913,6,3,1142617136480986,1142617143503330,1142617142696976,1142617158980728,1142617159638436,1142617174551927,0,0
2.2-responsive-cruise-8,1142618141142336,1142618149230514,7,4,1142618143547961,1142618150873274,1142618147306295,1142618161913536,1142618162586192,1142618178132652,0,0
2.2-responsive-cruise-8,1142619148257176,1142619156093166,8,1,1142619150265718,1142619157845093,1142619164058532,1142619164157802,1142619164678427,1142619179416398,1142619228314996,1142619331840996
2.2-responsive-cruise-8,1142620155111859,1142620163218058,9,2,1142620157471131,1142620164601756,1142620167393632,1142620167495090,1142620168053475,1142620182294050,1142620231165565,1142620334089013
2.2-responsive-cruise-8,1142621162262741,1142621170209929,10,3,1142621164519877,1142621171419461,1142621170506596,1142621185686285,1142621186342431,1142621201408110,0,0
2.2-responsive-cruise-8,1142622169451487,1142622177372113,11,4,1142622171427217,1142622178882790,1142622174495811,1142622188844093,1142622189485968,1142622204311647,0,0
2.2-responsive-cruise-8,1142623176275285,1142623184259505,12,1,1142623178702890,1142623186108099,1142623191201537,1142623191305547,1142623191797787,1142623206507268,1142623255607950,1142623360888220
2.2-responsive-cruise-8,1142624183294552,1142624191253459,13,2,1142624185628928,1142624192932626,1142624194558876,1142624194669241,1142624195184866,1142624209207888,1142624242474767,1142624361225872
2.2-responsive-cruise-8,1142625190448507,1142625198167987,14,3,1142625193290955,1142625199582206,1142625198543247,1142625212616947,1142625213207832,1142625228361740,0,0
2.2-responsive-cruise-8,1142626197282618,1142626205224806,15,4,1142626199871993,1142626206816108,1142626201207462,1142626214586161,1142626215277359,1142626231175694,0,0
2.2-responsive-cruise-8,1142627204263291,1142627212215219,16,1,1142627206865843,1142627213763031,1142627217011678,1142627217122615,1142627217617459,1142627233354544,1142627281989757,1142627385072007
2.2-responsive-cruise-8,1142628211370527,1142628219374642,17,2,1142628213643912,1142628220677350,1142628220473965,1142628236922248,1142628237460477,1142628252547458,1142628285607409,1142628403726431
2.2-responsive-cruise-8,1142629218137866,1142629226257399,18,3,1142629220376356,1142629228138753,1142629224023805,1142629238964535,1142629239606358,1142629254541776,0,0
2.2-responsive-cruise-8,1142630225260936,1142630233205936,19,4,1142630227504165,1142630234939634,1142630240803281,1142630240902395,1142630241426666,1142630256476928,0,0
2.2-responsive-cruise-8,1142631232147442,1142631240251714,20,1,1142631234551869,1142631241420828,1142631243950933,1142631244055100,1142631244537391,1142631258869216,1142631307966929,1142631410585689
2.2-responsive-cruise-8,1142632239299157,1142632247295252,21,2,1142632242239939,1142632248635512,1142632247141502,1142632262606816,1142632263153691,1142632277730515,1142632311473748,1142632430440322
2.2-responsive-cruise-8,1142633246219674,1142633254246029,22,3,1142633248601549,1142633255890560,1142633251786966,1142633266303166,1142633266939989,1142633281015875,0,0
2.2-responsive-cruise-8,1142634253257587,1142634261279046,23,4,1142634255386806,1142634263092327,1142634268523838,1142634268627276,1142634269245870,1142634283795663,0,0
2.2-responsive-cruise-8,1142635260333364,1142635268322271,24,1,1142635262708937,1142635269706542,1142635271509511,1142635271622428,1142635272125084,1142635286193211,1142635334466705,1142635438228330
2.2-responsive-cruise-8,1142636267241225,1142636275218101,25,2,1142636270066329,1142636276604299,1142636274534819,1142636289454352,1142636289990394,1142636305565864,1142636338094149,1142636457982390
2.2-responsive-cruise-8,1142637274287888,1142637282110180,26,3,1142637276928773,1142637283619399,1142637278746482,1142637293440858,1142637294051379,1142637308505235,0,0
2.2-responsive-cruise-8,1142638281349707,1142638289466739,27,4,1142638283646530,1142638290935020,1142638295328354,1142638295429604,1142638296032156,1142638310801533,0,0
2.2-responsive-cruise-8,1142639288281370,1142639296228975,28,1,1142639290540328,1142639297729496,1142639298175225,1142639298309756,1142639298958506,1142639313613664,1142639361820387,1142639464770033
2.2-responsive-cruise-8,1142640295131730,1142640303102877,29,2,1142640297388658,1142640304607617,1142640300937512,1142640317162462,1142640317695639,1142640331761474,1142640365154758,1142640483053624
2.2-responsive-cruise-8,1142641302124747,1142641310224123,30,3,1142641304452560,1142641311731675,1142641319258343,1142641319372770,1142641320173760,1142641334780688,0,0
2.2-responsive-cruise-8,1142642309344119,1142642317112765,31,4,1142642314341150,1142642318345005,1142642322321932,1142642322462401,1142642323017766,1142642336847090,0,0
2.2-responsive-cruise-8,1142643316294531,1142643324217709,32,1,1142643318736302,1142643325686876,1142643324702345,1142643340534742,1142643341046305,1142643356269692,1142643389016830,1142643508380123
2.2-responsive-cruise-8,1142644323303590,1142644331224893,33,2,1142644325265934,1142644333332601,1142644328309111,1142644343721873,1142644344269477,1142644358412291,1142644391664795,1142644509983817
2.2-responsive-cruise-8,1142645330122232,1142645338263014,34,3,1142645332374784,1142645339896764,1142645346077911,1142645346189421,1142645346799004,1142645361430933,0,0
2.2-responsive-cruise-8,1142646337361759,1142646345225562,35,4,1142646339696603,1142646346605354,1142646348944469,1142646349052386,1142646349641969,1142646364281762,0,0
2.2-responsive-cruise-8,1142647344547849,1142647352496548,36,1,1142647347055454,1142647353927225,1142647351831444,1142647368208425,1142647368748477,1142647383916187,1142647414900981,1142647534818702
2.2-responsive-cruise-8,1142648351259356,1142648359258107,37,2,1142648353361231,1142648360924148,1142648356219148,1142648370696910,1142648371239254,1142648385811443,1142648434639208,1142648537428124
2.2-responsive-cruise-8,1142649358292112,1142649366122217,38,3,1142649360361540,1142649367804040,1142649372859041,1142649372962895,1142649373517843,1142649388044667,0,0
2.2-responsive-cruise-8,1142650365256692,1142650373221328,39,4,1142650367636380,1142650374444818,1142650375897683,1142650376000547,1142650376559505,1142650390323674,0,0
2.2-responsive-cruise-8,1142651372323146,1142651380315283,40,1,1142651374544240,1142651381495074,1142651380169501,1142651394450492,1142651394979242,1142651410125286,1142651459914197,1142651562021915
2.2-responsive-cruise-8,1142652379444861,1142652387270747,41,2,1142652381596111,1142652388831268,1142652382452987,1142652397019759,1142652397643457,1142652412140073,1142652461436224,1142652564256755
2.2-responsive-cruise-8,1142653386110014,1142653394221004,42,3,1142653388475274,1142653395528035,1142653399733557,1142653399832359,1142653400362150,1142653414804235,0,0
2.2-responsive-cruise-8,1142654393105947,1142654401216886,43,4,1142654395339229,1142654402581729,1142654402008188,1142654418578346,1142654419188033,1142654434112253,0,0
2.2-responsive-cruise-8,1142655400292454,1142655408218236,44,1,1142655402345214,1142655409701361,1142655406254538,1142655421630841,1142655422215008,1142655437190270,1142655469969023,1142655591720910
2.2-responsive-cruise-8,1142656407329898,1142656415229378,45,2,1142656411251825,1142656417151878,1142656413330576,1142656424357556,1142656424979900,1142656438209745,1142656487774333,1142656590623718
2.2-responsive-cruise-8,1142657414329009,1142657422435884,46,3,1142657416536873,1142657423610312,1142657426692291,1142657426804947,1142657427415625,1142657442009636,0,0
2.2-responsive-cruise-8,1142658421197026,1142658429212964,47,4,1142658423722859,1142658430392860,1142658429452287,1142658445112757,1142658445679424,1142658461434217,0,0
2.2-responsive-fast-8,1142739463528589,1142739471820152,0,1,1142739465834422,1142739473624319,1142739466753328,1142739483771976,1142739484328695,1142739497896821,1142739529235522,1142739650054284
2.2-responsive-fast-8,1142740470558428,1142740478420773,1,2,1142740473068325,1142740480476086,1142740486018065,1142740486117701,1142740486652649,1142740499362233,1142740533397289,1142740651949176
2.2-responsive-fast-8,1142741477571393,1142741485566759,2,3,1142741479928373,1142741486946551,1142741487971134,1142741488084676,1142741488682644,1142741502965823,0,0
2.2-responsive-fast-8,1142742484670035,1142742492574515,3,4,1142742486582744,1142742494046182,1142742491036390,1142742505576131,1142742506198319,1142742521927383,0,0
2.2-responsive-fast-8,1142743491566490,1142743499540032,4,1,1142743493432167,1142743501240032,1142743493825553,1142743509043523,1142743509765190,1142743524701233,1142743572182592,1142743675222341
2.2-responsive-fast-8,1142744498560132,1142744506518205,5,2,1142744500962945,1142744507834247,1142744511261383,1142744511359612,1142744511852633,1142744525906437,1142744575006129,1142744678652546
2.2-responsive-fast-8,1142745505637784,1142745513640493,6,3,1142745508621587,1142745515512369,1142745514157473,1142745529549037,1142745530172839,1142745544802528,0,0
2.2-responsive-fast-8,1142746512880489,1142746520397885,7,4,1142746514978197,1142746521694083,1142746517285802,1142746531675438,1142746532272314,1142746546877419,0,0
2.2-responsive-fast-8,1142747519412204,1142747527765694,8,1,1142747521502516,1142747529694392,1142747534415226,1142747534512361,1142747534995122,1142747549560852,1142747598293618,1142747701929878
2.2-responsive-fast-8,1142748526605637,1142748534405221,9,2,1142748529362460,1142748535609388,1142748537806211,1142748537906003,1142748538388659,1142748552298661,1142748585585122,1142748704984665
2.2-responsive-fast-8,1142749533757352,1142749541661520,10,3,1142749536572925,1142749542968499,1142749540705374,1142749555997823,1142749556614854,1142749571620637,0,0
2.2-responsive-fast-8,1142750540567973,1142750548408234,11,4,1142750542646567,1142750550052037,1142750544549744,1142750559676048,1142750560409434,1142750575148393,0,0
2.2-responsive-fast-8,1142751547595365,1142751555540835,12,1,1142751549919324,1142751556965835,1142751561531721,1142751561632971,1142751562142815,1142751578292556,1142751625679175,1142751728675175
2.2-responsive-fast-8,1142752554481768,1142752562693956,13,2,1142752557036924,1142752563969269,1142752564449789,1142752564569425,1142752565101456,1142752578812864,1142752627777348,1142752730679129
2.2-responsive-fast-8,1142753561581087,1142753569392442,14,3,1142753563722441,1142753570967911,1142753567740879,1142753582384370,1142753583039266,1142753598134267,0,0
2.2-responsive-fast-8,1142754568453166,1142754576509729,15,4,1142754570723843,1142754578015042,1142754571512750,1142754584854262,1142754585444522,1142754600565044,0,0
2.2-responsive-fast-8,1142755575566392,1142755583404101,16,1,1142755577882538,1142755584695351,1142755587830351,1142755587931028,1142755588416393,1142755603259207,1142755652234420,1142755755692659
2.2-responsive-fast-8,1142756582643627,1142756590512951,17,2,1142756586261961,1142756591769097,1142756592133941,1142756592243055,1142756592845191,1142756605589932,1142756654449989,1142756757598801
2.2-responsive-fast-8,1142757589663728,1142757597632895,18,3,1142757592214509,1142757599216020,1142757594861020,1142757609417480,1142757609987063,1142757624321700,0,0
2.2-responsive-fast-8,1142758596553724,1142758604540600,19,4,1142758598610286,1142758606198881,1142758611592684,1142758611692736,1142758612266538,1142758627606123,0,0
2.2-responsive-fast-8,1142759603621845,1142759611518512,20,1,1142759606164762,1142759612893981,1142759614884763,1142759614982783,1142759615490231,1142759629544139,1142759678271904,1142759781979206
2.2-responsive-fast-8,1142760610616372,1142760618419238,21,2,1142760612981008,1142760619878144,1142760618369706,1142760633630489,1142760634168562,1142760649038303,1142760682177942,1142760801030818
2.2-responsive-fast-8,1142761617587775,1142761625533088,22,3,1142761620152202,1142761627146161,1142761621761369,1142761636297777,1142761636964808,1142761651497622,0,0
2.2-responsive-fast-8,1142762624815479,1142762632415845,23,4,1142762627277459,1142762633913918,1142762638774647,1142762638879022,1142762639489179,1142762653872357,0,0
2.2-responsive-fast-8,1142763631585892,1142763639508184,24,1,1142763634071205,1142763641020424,1142763642115372,1142763642217508,1142763642733653,1142763656483499,1142763689257252,1142763811738618
2.2-responsive-fast-8,1142764638465107,1142764646513441,25,2,1142764640950368,1142764648205681,1142764645192191,1142764660282817,1142764660881672,1142764675718861,1142764707876208,1142764827849084
2.2-responsive-fast-8,1142765645567186,1142765653402083,26,3,1142765647709114,1142765654866614,1142765648206353,1142765662631980,1142765663437344,1142765678091408,0,0
2.2-responsive-fast-8,1142766652569787,1142766660512756,27,4,1142766655007183,1142766661856871,1142766665129215,1142766665227809,1142766665851455,1142766681160623,0,0
2.2-responsive-fast-8,1142767659646397,1142767667537544,28,1,1142767662912127,1142767668699263,1142767668847440,1142767668974732,1142767669677388,1142767683387598,1142767731729217,1142767835061467
2.2-responsive-fast-8,1142768666572331,1142768674509728,29,2,1142768668442800,1142768676258842,1142768672158217,1142768687012698,1142768687511760,1142768703575147,1142768751074319,1142768854794381
2.2-responsive-fast-8,1142769673429463,1142769681391599,30,3,1142769676117275,1142769682849620,1142769689157797,1142769689274412,1142769689820610,1142769704728372,0,0
2.2-responsive-fast-8,1142770680427323,1142770688773053,31,4,1142770682817271,1142770690045397,1142770692271699,1142770692381387,1142770692974460,1142770707544357,0,0
2.2-responsive-fast-8,1142771687590497,1142771695405966,32,1,1142771690221382,1142771696867372,1142771695844143,1142771711954561,1142771712570239,1142771727795969,1142771759925348,1142771879033120
2.2-responsive-fast-8,1142772694580701,1142772702520858,33,2,1142772696919191,1142772704153098,1142772700095597,1142772714758620,1142772715305182,1142772730271382,1142772778951491,1142772881733116
2.2-responsive-fast-8,1142773701743510,1142773709436479,34,3,1142773703726479,1142773711089969,1142773716382105,1142773716486897,1142773717054397,1142773732084450,0,0
2.2-responsive-fast-8,1142774708471475,1142774716514236,35,4,1142774710857829,1142774717705069,1142774718966996,1142774719157361,1142774719683767,1142774733691633,0,0
2.2-responsive-fast-8,1142775715625377,1142775723477305,36,1,1142775718079283,1142775724920743,1142775723366055,1142775737119077,1142775737619598,1142775752721474,1142775802753771,1142775904570187
2.2-responsive-fast-8,1142776722577665,1142776730510478,37,2,1142776725442457,1142776731819332,1142776725688759,1142776739930271,1142776740558396,1142776754835481,1142776804092360,1142776908079298
2.2-responsive-fast-8,1142777729406619,1142777737557766,38,3,1142777731638859,1142777738936985,1142777743794642,1142777743900683,1142777744466152,1142777758943549,0,0
2.2-responsive-fast-8,1142778736557709,1142778744509481,39,4,1142778739293543,1142778746221825,1142778747406721,1142778747521356,1142778748096252,1142778762776201,0,0
2.2-responsive-fast-8,1142779743593382,1142779751530258,40,1,1142779745484320,1142779752981508,1142779749945831,1142779764670364,1142779765193749,1142779780655730,1142779812383285,1142779932179026
2.2-responsive-fast-8,1142780750566972,1142780758641765,41,2,1142780754742129,1142780760354109,1142780755805515,1142780767395932,1142780768081766,1142780782533642,1142780840265419,1142780934089595
2.2-responsive-fast-8,1142781757605406,1142781765526813,42,3,1142781760177437,1142781766793949,1142781769389782,1142781769495355,1142781770054938,1142781784850825,0,0
2.2-responsive-fast-8,1142782764554204,1142782772524517,43,4,1142782767060663,1142782773841966,1142782772716601,1142782788868790,1142782789536759,1142782804708531,0,0
2.2-responsive-fast-8,1142783771587638,1142783779494357,44,1,1142783774356076,1142783781054774,1142783776415920,1142783791558004,1142783792110869,1142783807600194,1142783855151032,1142783958393021
2.2-responsive-fast-8,1142784778565186,1142784786637843,45,2,1142784781450082,1142784788372583,1142784793351073,1142784793464719,1142784793972636,1142784808740502,1142784858082590,1142784960979215
2.2-responsive-fast-8,1142785785575547,1142785793520079,46,3,1142785787949870,1142785795045860,1142785796026173,1142785796135027,1142785796694819,1142785811048570,0,0
2.2-responsive-fast-8,1142786792672158,1142786800524294,47,4,1142786794969033,1142786801765908,1142786799799867,1142786815128358,1142786815790129,1142786830447526,0,0
